name,sinta_id,pub_year,pub_num
TEDI SUPRIYADI,5993317,"2018,2019,2020,2021,2022,","3,12,10,5,5,"
MUHAMAD PARHAN,6709291,"2020,2021,2022,","1,0,2,"
MUMU KOMARO,5993878,"2015,2016,2017,2018,2019,2020,2021,2022,","1,0,0,7,5,7,5,3,"
EENG AHMAN,5991829,"2017,2018,2019,2020,2021,2022,","1,1,10,10,1,2,"
PRANA DWIJA ISWARA,5977036,"2018,2019,2020,2021,2022,","2,9,2,2,1,"
ENDI SUHENDI,5976806,"2014,2015,2016,2017,2018,2019,2020,2021,2022,","4,0,2,9,5,14,15,10,2,"
ASEP YUDI PERMANA,5977218,"2018,2019,2020,2021,","4,0,5,2,"
DASIM BUDIMANSYAH,5979876,"2015,2016,2017,2018,2019,2020,2021,","1,5,1,0,2,5,5,"
YAYAN SANJAYA,5978995,"2013,2014,2015,2016,2017,2018,2019,2020,2021,2022,","1,1,1,3,7,5,7,6,10,2,"
GALUH YULIANI,5975260,"2008,2009,2010,2011,2012,2013,2014,2015,2016,2017,2018,2019,2020,2021,","1,0,1,0,1,1,1,0,1,6,4,4,8,1,"
DEDY ACHMAD KURNIADY,5993195,"2016,2017,2018,2019,2020,2021,2022,","2,1,1,4,10,3,9,"
MUSLIM,6028471,"2015,2016,2017,2018,2019,2020,2021,2022,","2,0,7,6,21,10,2,2,"
DINN WAHYUDIN,5983880,"2017,2018,2019,2020,2021,2022,","1,0,4,4,2,3,"
YANTY WIRZA,6658778,"2018,2019,2020,2021,","1,1,3,4,"
SETIYA UTARI,5995367,"2017,2018,2019,2020,","5,3,11,11,"
DIAN USDIYANA,6041973,"2019,2020,2021,2022,","3,8,2,1,"
RATIH HURRIYATI,5984336,"2015,2016,2017,2018,2019,2020,2021,2022,","2,4,5,14,7,9,5,5,"
TAUFIK RAHMAN,6081100,"2017,2018,2019,2020,2021,","4,0,8,3,2,"
GHULLAM HAMDU,5994188,"2018,2019,2020,2021,","1,4,0,2,"
SUNARDI,6656915,"2019,2020,2021,","1,7,1,"
ARIF HUSEIN LUBIS,6755247,"2016,2017,2018,2019,2020,2021,2022,","1,0,1,4,5,2,1,"
HAMIDIE RONALD DANIEL RAY,5978997,"2015,2016,2017,2018,2019,2020,2021,2022,","1,0,9,1,1,4,5,1,"
DINI HANDAYANI,6676481,"2010,2011,2012,2013,2014,2015,2016,2017,2018,2019,2020,2021,2022,","2,0,1,2,1,6,3,2,5,6,2,14,1,"
HARRY FIRMAN,6132494,"2015,2016,2017,2018,2019,2020,","1,4,13,8,15,6,"
HARRY FIRMAN,6132557,"2015,2016,2017,2018,2019,2020,","1,4,13,8,15,6,"
NAHADI,5978998,"2015,2016,2017,2018,2019,2020,2021,2022,","2,1,8,4,8,6,1,1,"
VANESSA GAFFAR,5993246,"2016,2017,2018,2019,2020,2021,2022,","1,0,3,5,4,4,4,"
SYARIP HIDAYAT,5996277,"2016,2017,2018,2019,2020,2021,","1,1,1,6,7,3,"
BETA PARAMITA,258001,"2014,2015,2016,2017,2018,2019,2020,2021,2022,","2,0,2,2,11,5,8,4,6,"
"DR. KARLIMAH, M.PD.",5982248,"2017,2018,2019,2020,2021,","2,1,5,1,3,"
AL AZHARY MASTA,6007709,"2016,2017,2018,2019,2020,2021,","2,3,3,3,8,3,"
NANDANG BUDIMAN,5995137,"2019,2020,2021,","6,3,1,"
HR AAM HAMDANI,5993854,"2014,2015,2016,2017,2018,2019,2020,2021,","2,0,0,0,4,2,2,3,"
ISROK ATUN,5993192,"2018,2019,2020,2021,","1,12,5,1,"
SUPRIH WIDODO,5978120,"2017,2018,2019,2020,2021,","2,3,9,2,1,"
MULYANA,5984860,"2016,2017,2018,2019,2020,2021,","2,5,0,0,0,1,"
DIDI SUKYADI,5978293,"2012,2013,2014,2015,2016,2017,2018,2019,2020,2021,2022,","2,0,0,0,0,2,1,3,3,1,2,"
MUHAMAD GINA NUGRAHA,258012,"2016,2017,2018,2019,2020,2021,","3,5,4,8,3,4,"
DEDE ROHMAT,6006073,"2018,2019,2020,2021,","6,8,1,4,"
MUBIAR AGUSTIN,6128201,"2020,2021,2022,","5,2,1,"
ENOK MARYANI,5975781,"2016,2017,2018,2019,2020,2021,2022,","2,2,12,5,3,7,3,"
SUMAR HENDAYANA,5994178,"1994,1995,1996,1997,1998,1999,2000,2001,2002,2003,2004,2005,2006,2007,2008,2009,2010,2011,2012,2013,2014,2015,2016,2017,2018,2019,2020,2021,","4,0,4,4,0,0,0,0,0,0,0,0,1,1,1,0,0,0,0,0,1,0,0,2,2,8,6,3,"
ARJUNI BUDI PANTJAWATI,5994602,"2013,2014,2015,2016,2017,2018,2019,2020,2021,","1,0,1,0,4,8,2,15,1,"
MUHAMMAD HANIF,6747537,"2019,2020,2021,","4,3,1,"
RIKI RIDWANA,6659655,"2019,2020,2021,2022,","3,1,4,1,"
SUWATNO,5991814,"2016,2017,2018,2019,2020,2021,","2,1,0,3,3,2,"
NURIA HARISTIANI,5994096,"2017,2018,2019,2020,2021,","4,3,4,1,2,"
VIDI SUKMAYADI,5975463,"2016,2017,2018,2019,2020,2021,2022,","2,0,1,4,4,2,1,"
USEP SURAHMAN,5978237,"2012,2013,2014,2015,2016,2017,2018,2019,2020,2021,2022,","2,1,2,2,1,2,4,3,6,4,1,"
NANDI,257576,"2014,2015,2016,2017,2018,2019,2020,2021,2022,","2,2,5,2,11,6,0,5,1,"
SAPRIYA,5987047,"2016,2017,2018,2019,2020,","1,2,0,9,7,"
SUPRIADI,5994493,"2019,2020,","3,2,"
APRI WIYONO,6186779,"2017,2018,2019,2020,2021,2022,","1,0,1,5,3,2,"
MOHAMMAD ALI,5980905,"2003,2004,2005,2006,2007,2008,2009,2010,2011,2012,2013,2014,2015,2016,2017,2018,2019,2020,2021,","1,0,0,0,0,0,0,0,0,0,0,0,0,0,1,1,7,5,6,"
JOHAR MAKNUN,5994899,"2016,2017,2018,2019,2020,2021,2022,","1,5,5,8,3,1,3,"
ACE SURYADI,5979226,"1982,1983,1984,1985,1986,1987,1988,1989,1990,1991,1992,1993,1994,1995,1996,1997,1998,1999,2000,2001,2002,2003,2004,2005,2006,2007,2008,2009,2010,2011,2012,2013,2014,2015,2016,2017,2018,2019,2020,2021,2022,","1,0,0,0,0,0,0,0,0,0,0,0,0,0,1,0,0,0,0,0,0,0,0,0,0,0,0,0,0,0,0,0,0,0,3,1,1,7,4,9,1,"
TITE JULIANTINE,5995777,"2019,2020,2021,2022,","1,0,1,1,"
EDI HENDRI MULYANA,5978623,"2017,2018,2019,2020,","4,5,8,3,"
MUSTIKA FITRI,5994049,"2017,2018,2019,2020,2021,2022,","3,1,0,1,2,2,"
BUNYAMIN MAFTUH,6146282,"2017,2018,2019,2020,2021,2022,","2,0,10,1,0,1,"
EGA TAQWALI BERMAN,5979284,"2015,2016,2017,2018,2019,2020,2021,","1,1,0,4,1,5,2,"
WIDI PURWIANINGSIH,6004348,"2016,2017,2018,2019,2020,2021,2022,","1,4,3,7,2,2,1,"
ELLY MALIHAH,5978468,"2015,2016,2017,2018,2019,2020,2021,2022,","1,2,0,3,0,5,0,1,"
NURTI BUDIYANTI,6715332,,
AHMAD BUKHORI MUSLIM,5974554,"2015,2016,2017,2018,2019,2020,2021,","1,1,1,1,1,4,4,"
CUCUN SUNAENGSIH,5993226,"2019,2020,2021,2022,","8,1,0,1,"
RENDI RESTIANA SUKARDI,6745722,"2018,2019,2020,2021,2022,","2,1,1,9,2,"
HAFIZIANI EKA PUTRI,5994008,"2019,2020,2021,","5,3,6,"
RATNANINGSIH EKO SARDJONO,5979503,"2007,2008,2009,2010,2011,2012,2013,2014,2015,2016,2017,2018,2019,2020,2021,2022,","1,0,0,0,1,0,1,1,0,4,1,7,7,3,3,1,"
NANA SUPRIATNA,5993532,"2017,2018,2019,2020,2021,","1,3,3,3,2,"
HENY HENDRAYATI,5994544,"2016,2017,2018,2019,2020,2021,","1,0,0,3,6,3,"
RUDI SUSILANA,5985142,"2019,2020,2021,2022,","1,1,5,2,"
VINA ADRIANY,5979511,"2014,2015,2016,2017,2018,2019,2020,2021,2022,","1,1,0,2,2,3,0,2,2,"
SOFYAN SAURI,5979751,"2016,2017,2018,2019,2020,2021,2022,","1,0,1,0,0,0,1,"
IWAN KUSTIAWAN,5996452,"2014,2015,2016,2017,2018,2019,2020,2021,2022,","1,1,0,2,4,5,8,6,2,"
SYAMSU YUSUF LN,5991749,"2018,2019,2020,2021,","1,2,5,3,"
JUNTIKA NURIHSAN ,5987356,"2018,2019,2020,2021,2022,","1,3,7,1,1,"
BACHRUDIN MUSTHAFA,5991800,"2015,2016,2017,2018,2019,2020,2021,2022,","1,0,1,0,2,8,3,1,"
SHANDRA RAMA PANJI WULUNG,6680229,"2021,2022,","4,1,"
DEDI ROHENDI,5978259,"2016,2017,2018,2019,2020,2021,","2,3,7,5,3,2,"
HERNANI,6662199,"2010,2011,2012,2013,2014,2015,2016,2017,2018,2019,2020,2021,","1,0,1,0,0,1,1,6,0,2,16,7,"
MUSTIKA NURAMALIA HANDAYANI,5979659,"2016,2017,2018,2019,2020,2021,","1,4,4,0,5,2,"
R ASEP KADAROHMAN,5984423,"2010,2011,2012,2013,2014,2015,2016,2017,2018,2019,2020,2021,2022,","1,0,1,1,1,0,5,1,5,9,2,6,1,"
MAMAT RUHIMAT,5979213,"1996,1997,1998,1999,2000,2001,2002,2003,2004,2005,2006,2007,2008,2009,2010,2011,2012,2013,2014,2015,2016,2017,2018,2019,2020,2021,2022,","1,0,0,0,0,0,0,0,0,0,1,0,0,1,0,1,0,0,0,0,1,0,8,3,4,8,1,"
ARIF ISMAIL,5974521,"2018,2019,2020,2021,2022,","2,12,2,2,1,"
ASEP SURYANA,5993362,"2018,2019,2020,2021,2022,","1,4,2,1,1,"
HENDRIYANA,6658557,"2021,","5,"
SUMARDI,6006460,,
FUAD ABDUL HAMIED,5978397,"2013,2014,2015,2016,2017,2018,2019,2020,2021,2022,","2,0,0,0,1,2,3,4,3,3,"
DINIE ANGGRAENI DEWI,6684318,,
SUFYANI PRABAWANTO,5995121,"2017,2018,2019,2020,2021,2022,","8,5,32,28,13,1,"
TATANG HERMAN,5986217,"2015,2016,2017,2018,2019,2020,2021,2022,","1,1,9,12,26,24,14,2,"
DADANG JUANDI,6042761,"2016,2017,2018,2019,2020,2021,2022,","1,1,3,11,21,34,3,"
ANDI SUHANDI,6005865,"2008,2009,2010,2011,2012,2013,2014,2015,2016,2017,2018,2019,2020,2021,2022,","1,0,0,0,0,1,0,1,7,24,12,47,21,20,1,"
ADE GAFAR ABDULLAH,257412,"2010,2011,2012,2013,2014,2015,2016,2017,2018,2019,2020,2021,2022,","1,0,0,0,1,1,8,18,73,35,36,16,3,"
WAHYUDIN,5991845,"2016,2017,2018,2019,2020,2021,","1,8,15,23,22,7,"
ASEP BAYU DANI NANDIYANTO,5974504,"2007,2008,2009,2010,2011,2012,2013,2014,2015,2016,2017,2018,2019,2020,2021,2022,","1,1,7,3,4,5,10,10,3,13,26,53,27,65,44,30,"
ACHMAD SAMSUDIN,257767,"2016,2017,2018,2019,2020,2021,","4,20,13,70,26,34,"
RIZKY ROSJANUARDI,5978531,"2007,2008,2009,2010,2011,2012,2013,2014,2015,2016,2017,2018,2019,2020,2021,2022,","2,0,0,0,0,1,2,0,0,2,5,6,10,5,4,1,"
ADANG SUHERMAN,5989871,"2016,2017,2018,2019,2020,2021,2022,","2,9,2,6,5,12,1,"
AHMAD YANI,5975048,"2016,2017,2018,2019,2020,2021,","3,2,9,12,5,7,"
AGUS SETIAWAN,259466,"1999,2000,2001,2002,2003,2004,2005,2006,2007,2008,2009,2010,2011,2012,2013,2014,2015,2016,2017,2018,2019,2020,2021,2022,","1,0,0,1,3,6,3,0,0,2,0,0,0,0,0,0,0,3,8,21,32,20,12,3,"
AHMAD AMINUDIN,6002113,"2016,2017,2018,2019,2020,2021,2022,","2,3,4,13,11,0,1,"
NANANG WINARNO,6079273,"2016,2017,2018,2019,2020,2021,","2,3,1,9,7,3,"
RAHMAN,5991818,,
ANA RATNA WULAN,5995001,"2017,2018,2019,2020,2021,2022,","4,3,9,8,2,1,"
AHMAD MUDZAKIR,5994127,"2014,2015,2016,2017,2018,2019,2020,2021,2022,","1,0,6,8,1,9,9,4,2,"
IWAN SETIAWAN,5995430,"2016,2017,2018,2019,2020,2021,2022,","1,2,9,8,4,15,1,"
PUPUNG PURNAWARMAN,5979299,"2016,2017,2018,2019,2020,2021,2022,","1,0,1,4,4,2,3,"
YULIANETA,6122021,"2020,2021,2022,","1,2,1,"
DUDEN SAEPUZAMAN,258293,"2016,2017,2018,2019,2020,2021,","3,5,3,14,5,1,"
ACHMAD HUFAD,5977826,"2016,2017,2018,2019,2020,2021,2022,","3,1,3,6,21,10,4,"
ATEP SUJANA,5993423,"2014,2015,2016,2017,2018,2019,2020,2021,2022,","1,0,0,1,3,4,1,3,1,"
ANA,5994248,"2016,2017,2018,2019,2020,2021,2022,","3,3,12,12,16,15,5,"
SRI ANGGRAENI,6006569,"2017,2018,2019,2020,2021,2022,","5,1,4,11,6,9,"
IDA HAMIDAH,5978332,"2008,2009,2010,2011,2012,2013,2014,2015,2016,2017,2018,2019,2020,2021,2022,","2,0,0,0,0,0,2,0,3,8,7,10,18,12,4,"
NUUR WACHID ABDUL MAJID,6054692,"2016,2017,2018,2019,2020,2021,2022,","2,0,0,5,3,2,1,"
DISMAN,5991816,"2016,2017,2018,2019,2020,2021,2022,","2,4,7,12,16,4,3,"
FITRI KHOERUNNISA,258263,"2010,2011,2012,2013,2014,2015,2016,2017,2018,2019,2020,2021,2022,","1,1,2,3,2,5,5,0,11,8,13,15,8,"
DIDI SURYADI,5994183,"2016,2017,2018,2019,2020,2021,2022,","3,12,20,35,19,8,2,"
WAWAN SETIAWAN,5977494,"2016,2017,2018,2019,2020,2021,2022,","4,12,5,20,18,14,3,"
TAUFIK RAMLAN RAMALIS,5994709,"2016,2017,2018,2019,2020,2021,","4,1,3,9,17,7,"
EYUS SUDIHARTINIH,5975856,"2018,2019,2020,2021,","1,3,3,1,"
ANDHY SETIAWAN,6040311,"1999,2000,2001,2002,2003,2004,2005,2006,2007,2008,2009,2010,2011,2012,2013,2014,2015,2016,2017,2018,2019,2020,2021,2022,","1,0,0,0,0,0,0,0,0,0,0,2,1,0,0,0,1,1,2,7,5,7,5,1,"
SITI NURBAYANI K,5976314,"2015,2016,2017,2018,2019,2020,2021,","1,1,0,1,1,1,1,"
SELLY FERANIE,5978969,"2010,2011,2012,2013,2014,2015,2016,2017,2018,2019,2020,2021,","1,2,0,1,1,0,3,5,1,13,11,1,"
MUNIR,5974517,"2015,2016,2017,2018,2019,2020,2021,","1,5,12,6,7,17,4,"
AAN KOMARIAH,6101488,"2016,2017,2018,2019,2020,2021,2022,","1,1,1,8,26,5,12,"
BAMBANG SUPRIATNO,5992701,"2017,2018,2019,2020,2021,","5,1,4,1,7,"
DR.PARLINDUNGAN SINAGA M.SI,5989835,"2015,2016,2017,2018,2019,2020,2021,","1,1,8,7,12,5,18,"
NANANG PRIATNA,5980973,"2017,2018,2019,2020,2021,2022,","6,7,19,10,5,1,"
IRMA DARMAWATI,6725313,"2020,2021,2022,","3,8,2,"
AL JUPRI,5974523,"2014,2015,2016,2017,2018,2019,2020,2021,2022,","2,0,3,20,5,8,16,17,1,"
LILIK HASANAH,5994035,"2006,2007,2008,2009,2010,2011,2012,2013,2014,2015,2016,2017,2018,2019,2020,2021,2022,","2,0,1,0,1,0,1,2,3,1,3,10,11,20,22,5,6,"
LILIASARI,5991831,"2012,2013,2014,2015,2016,2017,2018,2019,2020,2021,","3,1,0,1,9,10,5,17,21,10,"
YAYANG FURI FURNAMASARI,6732204,"2021,","1,"
LALA SEPTEM RIZA,5975668,"2012,2013,2014,2015,2016,2017,2018,2019,2020,2021,2022,","2,0,2,2,4,13,18,14,9,12,4,"
RINA MARYANTI,6768594,"2020,2021,2022,","9,12,7,"
NURYANI RUSTAMAN,5991811,"2012,2013,2014,2015,2016,2017,2018,2019,2020,2021,","3,2,1,0,5,18,5,23,12,12,"
RIANDI,5995561,"2011,2012,2013,2014,2015,2016,2017,2018,2019,2020,2021,2022,","1,0,2,0,0,1,15,1,14,6,6,2,"
WINNY LILIAWATI,257924,"2016,2017,2018,2019,2020,2021,","1,5,5,12,3,8,"
JULIA,5975686,"2018,2019,2020,2021,2022,","4,20,9,6,4,"
YULIA RAHMAWATI,5999482,"2015,2016,2017,2018,2019,2020,2021,2022,","2,3,4,3,15,18,16,5,"
DEDE SUGANDI,5989548,"2014,2015,2016,2017,2018,2019,2020,2021,","1,1,0,0,3,2,1,6,"
DADI RUSDIANA,5974813,"2010,2011,2012,2013,2014,2015,2016,2017,2018,2019,2020,2021,2022,","1,0,0,0,2,0,8,21,12,29,20,12,1,"
DENI DARMAWAN,5973309,"2015,2016,2017,2018,2019,2020,2021,2022,","1,1,1,2,6,5,0,2,"
YAYA S. KUSUMAH,6676817,"2001,2002,2003,2004,2005,2006,2007,2008,2009,2010,2011,2012,2013,2014,2015,2016,2017,2018,2019,2020,2021,2022,","1,0,0,0,0,0,0,0,0,0,0,0,2,1,3,2,4,11,17,11,4,2,"
ARI WIDODO,257822,"2002,2003,2004,2005,2006,2007,2008,2009,2010,2011,2012,2013,2014,2015,2016,2017,2018,2019,2020,2021,2022,","2,0,0,0,0,0,0,0,0,0,1,3,0,0,3,16,0,19,10,14,1,"
TURMUDI,5991823,"2012,2013,2014,2015,2016,2017,2018,2019,2020,2021,2022,","1,0,0,0,3,4,11,20,17,15,4,"
ISMA WIDIATY,5978971,"2016,2017,2018,2019,2020,2021,2022,","1,2,25,21,14,6,5,"
SYIFAUL FUADA,5981677,"2014,2015,2016,2017,2018,2019,2020,2021,2022,","1,0,7,14,14,12,11,9,8,"
WAHYU SOPANDI,5989208,"2014,2015,2016,2017,2018,2019,2020,2021,2022,","1,0,0,8,5,16,11,12,4,"
ANDRIA PRAGHOLAPATI,6774276,"2021,","2,"
ADI RAHMAT,5986402,"2017,2018,2019,2020,2021,","7,2,14,5,6,"
AMUNG MAMUN,5994366,"2017,2018,2019,2020,2021,","1,1,3,7,12,"
AGUS RAHAYU,5985049,"2015,2016,2017,2018,2019,2020,2021,2022,","1,3,0,6,11,7,9,2,"
AGUS RUSDIANA,5975690,"2010,2011,2012,2013,2014,2015,2016,2017,2018,2019,2020,2021,","1,0,0,0,2,0,8,23,13,31,8,9,"
SRI MULYANI,6123713,"2010,2011,2012,2013,2014,2015,2016,2017,2018,2019,2020,2021,","1,0,2,0,0,0,2,4,5,16,8,11,"
BUDI MULYANTI,5993841,"2006,2007,2008,2009,2010,2011,2012,2013,2014,2015,2016,2017,2018,2019,2020,2021,2022,","1,0,0,0,1,0,1,1,3,1,3,5,9,5,38,11,6,"
ERNAWULAN SYAODIH,6114767,"2017,2018,2019,2020,2021,2022,","4,2,14,4,2,1,"
MUKTIARNI,6745839,"2018,2019,2020,2021,2022,","1,2,6,7,3,"
KOKOM KOMALASARI,5984369,"2015,2016,2017,2018,2019,2020,2021,2022,","2,3,3,2,4,5,4,1,"
IDA KANIAWATI,6005868,"2016,2017,2018,2019,2020,2021,2022,","5,20,6,36,15,14,1,"
ERI KURNIAWAN,5994389,"2013,2014,2015,2016,2017,2018,2019,2020,2021,2022,","2,0,1,0,1,1,5,4,8,3,"
AMIR MACHMUD,5974528,"2016,2017,2018,2019,2020,2021,","1,0,1,7,8,1,"
"Prof. DR. ENDANG ROCHYADI, M.PD",6139442,"2019,2020,2021,2022,","1,8,5,1,"
LUTFI NUR,5977298,"2017,2018,2019,2020,2021,2022,","1,0,4,7,4,2,"
DIDI SUHERDI,5978101,"1996,1997,1998,1999,2000,2001,2002,2003,2004,2005,2006,2007,2008,2009,2010,2011,2012,2013,2014,2015,2016,2017,2018,2019,2020,2021,2022,","2,0,0,0,0,0,0,0,0,0,0,0,0,0,0,0,0,0,0,0,0,0,1,7,3,3,2,"
DIANA ROCHINTANIAWATI,6140567,"2017,2018,2019,2020,2021,","4,2,9,4,2,"
ROER EKA PAWINANTO,6745886,"2013,2014,2015,2016,2017,2018,2019,2020,2021,2022,","1,2,1,3,4,4,4,16,6,6,"
EKA CAHYA PRIMA,5977482,"2013,2014,2015,2016,2017,2018,2019,2020,2021,2022,","1,2,1,6,5,4,2,33,4,1,"
TOPIK HIDAYAT,256954,"2005,2006,2007,2008,2009,2010,2011,2012,2013,2014,2015,2016,2017,2018,2019,2020,2021,","1,0,0,0,0,1,3,5,4,1,0,3,10,3,12,14,3,"
PARSAORAN SIAHAAN,6088571,"2015,2016,2017,2018,2019,2020,2021,2022,","1,0,10,8,12,10,11,1,"
JARNAWI AFGANI DAHLAN,5974544,"2015,2016,2017,2018,2019,2020,2021,","1,0,8,10,14,14,2,"
HELI SITI HALIMATUL MUNAWAROH,5978104,"2014,2015,2016,2017,2018,2019,2020,2021,2022,","1,0,3,6,4,3,8,20,9,"
ELAH NURLAELAH,6665327,"2017,2018,2019,2020,2021,","2,1,12,6,4,"
SITI FATIMAH,5978161,"2002,2003,2004,2005,2006,2007,2008,2009,2010,2011,2012,2013,2014,2015,2016,2017,2018,2019,2020,2021,","2,2,0,0,0,0,0,0,0,0,0,0,0,2,0,6,8,17,19,7,"
LILI ADI WIBOWO,5984836,"2016,2017,2018,2019,2020,2021,2022,","1,2,12,10,7,8,2,"
DARHIM,6166301,"2013,2014,2015,2016,2017,2018,2019,2020,2021,","1,1,0,0,4,10,13,16,7,"
WAHYUDIN,5979725,"2016,2017,2018,2019,2020,2021,","1,8,15,23,16,7,"
JAJA KUSTIJA,5993968,"2016,2017,2018,2019,2020,2021,2022,","1,1,3,1,5,2,1,"
NURJANAH,5995393,"2017,2018,2019,2020,2021,","3,1,3,9,3,"
TRIANA LESTARI,6006681,,
HERY SUPIARZA,6664624,"2021,","1,"
CEP UBAD ABDULLAH,6681401,"2017,2018,2019,2020,2021,2022,","1,7,5,2,3,1,"
BUDI LAKSONO PUTRO,5993187,"2016,2017,2018,2019,2020,2021,2022,","1,4,2,5,7,0,1,"
IYON SUYANA,6109361,"2017,2018,2019,2020,","1,0,7,1,"
SAEFUL KARIM,6022627,"2016,2017,2018,2019,2020,2021,","2,2,1,6,6,1,"
TRY RAMADHAN,6745711,"2019,2020,2021,2022,","1,0,5,1,"
SJAEFUL ANWAR,6094907,"2017,2018,2019,2020,2021,","3,0,5,8,2,"
LELI HALIMAH,5978631,"2019,2020,2021,","1,2,1,"
YUDI WIBISONO,260167,"2014,2015,2016,2017,2018,2019,2020,2021,","2,0,2,1,3,2,4,1,"
DIAN BUDIANA,5984830,"2014,2015,2016,2017,2018,2019,2020,2021,","1,0,0,3,1,0,1,5,"
SOJA SITI FATIMAH,5976517,"2017,2018,2019,2020,2021,","2,4,9,1,2,"
TITA MULYATI,5989944,"2020,2021,","1,1,"
WASIMUDIN SURYA SAPUTRA,5978996,"2016,2017,2018,2019,2020,","1,1,6,7,2,"
KARIM SURYADI,5988516,"2016,2017,2018,2019,2020,2021,2022,","4,0,0,0,3,2,1,"
SITI KOMARIAH,5976333,"2016,2017,2018,2019,2020,2021,","1,1,0,6,2,1,"
DADANG SUDANA,5994886,"2019,2020,2021,","1,0,4,"
KAMA ABDUL HAKAM,5993710,"2018,2019,2020,2021,2022,","3,1,3,3,2,"
RICKY WIBOWO,5982918,"2017,2018,2019,2020,2021,","2,0,0,0,3,"
ISKANDAR MUDA PURWAAMIJAYA,257939,"2017,2018,2019,2020,2021,","2,1,1,5,2,"
MAYA SARI,5984857,"2019,2020,2021,2022,","2,3,0,1,"
DINGDING HAERUDIN,5987647,"2021,2022,","2,1,"
AGUS SUHERMAN,5986522,"2020,2021,","1,1,"
DENI KURNIAWAN,5995718,"2019,","1,"
JUJU MASUNAH,258201,"2016,2017,2018,2019,2020,2021,2022,","1,0,0,0,2,1,2,"
TRI INDRI HARDINI,5978640,"2016,2017,2018,2019,2020,2021,","1,0,0,1,0,1,"
ACENG KOSASIH,5976354,"2015,2016,2017,2018,2019,2020,2021,2022,","1,1,0,1,0,0,3,1,"
HAIPAN SALAM,5978333,"2015,2016,2017,2018,2019,2020,","1,1,0,2,2,1,"
HERI YUSUF MUSLIHIN,6118136,"2022,","1,"
IHAT HATIMAH,5979054,"2019,2020,2021,","6,4,1,"
JULIANA,6649754,"2018,2019,2020,2021,2022,","1,1,0,2,1,"
ELIYAWATI,6000519,"2017,2018,2019,2020,2021,","1,1,1,3,5,"
RR HERTIEN KOOSBANDIAH S,5995733,"2017,2018,2019,2020,2021,","2,0,5,1,2,"
ASEP SUPRIATNA,5978133,"2017,2018,2019,2020,2021,","2,2,4,5,1,"
HISNY FAJRUSSALAM,6688267,,
FLORENTINA MARIA TITIN SUPRIYANTI,6682493,"2015,2016,2017,2018,2019,2020,2021,","1,0,3,2,1,3,4,"
LINA ANISA NASUTION,6731726,"2020,2021,","2,6,"
BAMBANG DARMAWAN,5991508,"2016,2017,2018,2019,2020,2021,","1,0,0,1,5,3,"
AGUS FAKHRUDDIN,5993691,"2018,2019,2020,2021,","1,1,1,2,"
YUSUF TRI HERLAMBANG,5987552,"2020,2021,","1,2,"
AYI SUHERMAN,5993623,"2018,2019,2020,","1,2,5,"
SUNARYO KARTADINATA,5990867,"2015,2016,2017,2018,2019,2020,2021,","1,1,1,0,4,4,2,"
DELLA AYU LESTARI,6697506,"2019,2020,2021,","1,1,4,"
EPON NUR'AENI L,5980779,"2018,2019,2020,2021,","1,4,2,1,"
HANA YUNANSAH,5988891,"2021,","2,"
IDAT MUQODAS,5994301,"2018,2019,2020,2021,","1,0,1,3,"
DUDI GUNAWAN,6687356,,
SURYANA,5978648,"2018,2019,2020,","1,10,4,"
DIDIN SARIPUDIN,5984366,"2015,2016,2017,2018,2019,2020,2021,2022,","2,2,3,3,1,2,2,2,"
ENJANG AKHMAD  JUANDA,5993925,"2014,2015,2016,2017,2018,2019,2020,2021,","1,0,0,2,4,0,3,2,"
EPON NINGRUM,5990289,"2016,2017,2018,2019,","2,0,5,5,"
YUNUS ABIDIN,257816,"2016,2017,2018,2019,2020,","1,0,0,1,2,"
ENJUN JUNAETI,5992648,"2016,2017,2018,2019,2020,2021,","1,4,7,2,8,2,"
MAD ALI ,6787108,,
ASRI RIA AFFRIANI,6124844,"2017,2018,2019,2020,2021,","1,0,7,0,1,"
MESA RAHMI STEPHANI,6068759,"2017,2018,2019,2020,2021,","1,0,0,0,3,"
ELIH SUDIAPERMANA,6687259,"2020,2021,2022,","1,2,1,"
SARIPUDIN,6799293,"2018,2019,2020,","2,4,1,"
ANGGA HADIAPURWA,5989706,"2022,","1,"
ROFI ROFAIDA,5993860,"2016,2017,2018,2019,2020,2021,2022,","1,0,0,3,0,1,1,"
JATMIKA NURHADI,5993416,"2019,","3,"
HERLI SALIM,6003534,"2013,2014,2015,2016,2017,2018,2019,2020,2021,","1,0,0,0,0,0,0,1,1,"
DIDIK PRIYANDOKO,6658318,"2008,2009,2010,2011,2012,2013,2014,2015,2016,2017,2018,2019,2020,2021,2022,","1,1,1,1,2,0,0,0,3,4,7,5,3,5,2,"
TRI SUWANDI,6198988,"2016,2017,2018,2019,2020,","1,0,1,1,2,"
DADANG SUNENDAR,5982345,"2017,2018,2019,2020,2021,2022,","1,0,5,1,0,1,"
ISAH CAHYANI,5994299,"2019,2020,","2,1,"
YENI RACHMAWATI,5988495,"2010,2011,2012,2013,2014,2015,2016,2017,2018,2019,2020,","1,0,0,0,0,0,1,0,0,0,1,"
NURBAETY AGUSTINA DEWI RATNASARI,6666061,,
ISHAK ABDULHAK,5991803,"2017,2018,2019,2020,2021,","1,1,3,8,1,"
TATI NARAWATI,5995150,"2020,","2,"
AFIANTI SULASTRI,5994273,"2016,2017,2018,2019,2020,2021,","1,0,1,0,3,4,"
INDRA MAMAD GANDIDI,5975145,"2012,2013,2014,2015,2016,2017,2018,2019,2020,2021,2022,","1,0,0,0,0,3,2,2,3,1,4,"
MUNAWAR RAHMAT,5993616,"2016,2017,2018,2019,2020,2021,2022,","1,0,1,0,0,3,1,"
IKAPUTERA WASPADA,5993422,"2019,2020,","2,7,"
DADANG LUKMAN HAKIM,5994748,"2014,2015,2016,2017,2018,2019,2020,2021,","1,0,3,3,14,5,5,2,"
UDIN SYAEFUDIN SAUD,6134774,"2006,2007,2008,2009,2010,2011,2012,2013,2014,2015,2016,2017,2018,2019,2020,","1,0,0,0,0,0,0,0,0,0,0,0,0,2,3,"
BELTASAR TARIGAN,5979103,"2016,2017,2018,2019,2020,2021,","1,5,0,0,2,3,"
"SUHENDRA, M.ED., PH.D",6140435,"2016,2017,2018,2019,2020,2021,","1,8,0,7,5,4,"
ARIF HIDAYAT,257991,"2017,2018,2019,2020,2021,","1,1,2,6,2,"
DEDE TRIE KURNIAWAN,6745958,"2017,2018,2019,2020,2021,","1,1,3,0,4,"
FEBBRY CIPTA,5995501,"2019,2020,2021,2022,","1,1,0,2,"
"DR. ILFIANDRA, M.PD",5989603,"2016,2017,2018,2019,2020,2021,","1,1,1,2,4,2,"
YUSUF HIDAYAT,6136712,"2014,2015,2016,2017,2018,2019,2020,2021,","1,0,0,1,0,1,0,6,"
DIAH GUSRAYANI,5993469,"2016,2017,2018,2019,2020,","1,0,0,2,1,"
DADAN NUGRAHA,6068607,"2019,2020,","3,1,"
RANI MEGASARI,5992674,"2015,2016,2017,2018,2019,2020,","1,2,3,3,2,11,"
INDAH SUSANTI,6681739,"2018,2019,2020,2021,","3,2,4,4,"
EDI SURYADI,5994793,"2016,2017,2018,2019,2020,2021,2022,","1,0,0,3,1,2,1,"
DADAN DASARI,6000619,"2017,2018,2019,2020,2021,2022,","1,0,4,3,3,1,"
SURYADI,5978515,"2019,2020,2021,","5,5,2,"
LENI ANGGRAENI,5988484,"2009,2010,2011,2012,2013,2014,2015,2016,2017,2018,2019,2020,2021,2022,","1,0,0,0,0,0,0,2,0,0,0,0,1,4,"
YUSUF SURYANA,5994506,,
WIJI,6012036,"2016,2017,2018,2019,2020,2021,","1,1,2,3,2,6,"
DADAN DJUANDA,5993483,"2018,2019,2020,","1,3,1,"
RASTO,5993224,"2020,2021,","2,1,"
TJUTJU YUNIARSIH,5986201,"2016,2017,2018,2019,2020,","2,3,0,2,4,"
TIA CITRA BAYUNI,6684835,,
VISMAIA S DAMAIANTI,5993885,"2017,2018,2019,2020,2021,","1,0,1,4,3,"
IDA FARIDA ADI PRAWIRA,6027190,"2020,2021,","4,2,"
CICA YULIA,5995421,"2017,2018,2019,2020,2021,2022,","1,1,4,3,1,1,"
YADI MULYADI,6003577,"2014,2015,2016,2017,2018,2019,2020,2021,2022,","1,1,3,6,11,4,4,3,1,"
SRI SUMARTINI,6141086,"2021,","3,"
LILI SOMANTRI,5995390,"2016,2017,2018,2019,2020,2021,","3,0,5,2,0,4,"
SRI SETYARINI,6121097,"2015,2016,2017,2018,2019,2020,2021,2022,","2,0,0,1,2,6,4,1,"
AGUS BUDIMAN,5995789,"2016,2017,2018,2019,2020,2021,2022,","1,0,0,4,1,3,2,"
MOKHAMAD SYAOM BARLIANA,257912,"2018,2019,2020,2021,2022,","9,2,6,2,2,"
IKMANDA NUGRAHA,6000423,"2016,2017,2018,2019,2020,","1,1,1,5,2,"
MAMAT SUPRIATNA,6123032,"2015,2016,2017,2018,2019,2020,2021,","1,0,0,0,1,3,1,"
HENDRAWAN,5994163,"2000,2001,2002,2003,2004,2005,2006,2007,2008,2009,2010,2011,2012,2013,2014,2015,2016,2017,2018,2019,2020,2021,2022,","2,2,0,4,0,0,0,0,0,0,0,0,0,0,0,2,4,0,2,2,2,5,2,"
RIKO ARRASYID,6681555,"2019,2020,2021,","3,2,4,"
CECE RAKHMAT,5993220,"2018,2019,2020,2021,2022,","1,1,6,1,1,"
YAYAT SUDARYAT,5987640,"2015,2016,2017,2018,2019,2020,2021,","2,1,0,1,2,0,1,"
SUHARNO,5994737,"2016,2017,2018,2019,2020,2021,2022,","1,2,1,3,6,9,7,"
PUSPO DEWI DIRGANTARI,5980376,"2018,2019,2020,2021,2022,","2,2,3,2,3,"
HERMAN SUBARJAH,5994028,"2016,2017,2018,2019,2020,2021,","1,2,0,2,2,1,"
HERNAWATI,6005188,"2017,2018,2019,2020,","1,1,3,5,"
RINI SOLIHAT,6005021,"2017,2018,2019,2020,2021,","1,0,3,2,4,"
DADANG SUNDAWA,5990764,"2018,2019,2020,2021,","1,1,1,1,"
MIMIN IRYANTI,5979500,"2013,2014,2015,2016,2017,2018,2019,2020,","1,0,2,3,0,3,6,5,"
PIPIT PITRIANI,6663966,"2021,2022,","3,1,"
FITRI RAHMAFITRIA,6067571,"2016,2017,2018,2019,2020,2021,2022,","3,0,3,1,3,3,1,"
"DR. M. SOLEHUDDIN, M.PD., M.A.",5995348,"2016,2017,2018,2019,2020,","1,1,3,4,8,"
MUSTOFA KAMIL,5994180,"2014,2015,2016,2017,2018,2019,2020,2021,","1,0,0,1,0,3,2,2,"
BAMBANG AVIP PRIATNA MARTADIPUTRA,6124136,"2017,2018,2019,2020,2021,2022,","2,1,2,5,2,1,"
RUSMAN,5995802,"2018,2019,2020,2021,","1,4,6,3,"
TAUFIK RIDWAN,6757589,"2016,2017,2018,2019,2020,","1,0,1,3,1,"
NOVI SOFIA FITRIASARI,5989748,"2017,2018,2019,2020,2021,","3,1,2,1,4,"
AGUS HERI SETYA BUDI,6003446,"2010,2011,2012,2013,2014,2015,2016,2017,2018,2019,2020,2021,","1,0,0,0,0,0,1,2,6,0,4,3,"
DIAN PERMATA SARI,6160445,"2007,2008,2009,2010,2011,2012,2013,2014,2015,2016,2017,2018,2019,2020,2021,2022,","1,0,0,0,0,1,1,0,0,1,1,0,1,2,1,1,"
AMAY SUHERMAN,6657142,"2016,2017,2018,2019,2020,2021,2022,","2,9,2,4,4,3,1,"
TOMMI HARIYADI,5992365,"2011,2012,2013,2014,2015,2016,2017,2018,2019,2020,2021,2022,","1,0,3,1,1,3,5,9,2,11,1,1,"
TUSZIE WIDHIYANTI,6123602,"2017,2018,2019,2020,2021,","3,0,5,3,4,"
ASEP DAHLIYANA,5997439,"2021,","1,"
AAH AHMAD SYAHID,5993425,"2017,2018,2019,","1,2,8,"
VINA DWIYANTI,6745842,"2018,2019,2020,2021,2022,","1,1,3,3,2,"
KUSNANDI,6700094,"2017,2018,2019,2020,2021,","1,0,5,3,5,"
IKA MUSTIKA SARI,5993538,"2017,2018,2019,2020,2021,","2,0,5,5,3,"
SARIWULAN DIANA,6035050,"2016,2017,2018,2019,2020,","1,5,3,6,4,"
YOYOH JUBAEDAH,5993750,"2018,2019,2020,","1,0,3,"
UDIN SUPRIADI,5993561,"2016,2017,2018,2019,2020,2021,2022,","1,0,0,0,0,1,2,"
FARAH AYUNDA YASMIN,6739238,,
YUYU RACHMAT TAYUBI,5995486,"2016,2017,2018,2019,2020,2021,","5,1,4,5,7,1,"
DIDIN WAHYUDIN,5979316,"2013,2014,2015,2016,2017,2018,2019,2020,2021,","2,1,0,0,2,13,5,4,2,"
YAYA WIHARDI,5994413,"2016,2017,2018,2019,2020,2021,","2,2,4,5,10,1,"
FAHMI CANDRA PERMANA,6068366,"2017,2018,2019,2020,2021,","2,0,0,0,6,"
LILIT RUSYATI,6102491,"2016,2017,2018,2019,2020,2021,","1,5,5,2,4,9,"
SYIHABUDDIN,5990111,"2019,2020,2021,","1,3,4,"
EUIS KURNIATI,6001374,"2016,2017,2018,2019,2020,2021,","1,0,0,1,0,2,"
TRIANTI NUGRAHENI,5995195,"2019,2020,2021,2022,","1,1,1,1,"
JUANG AKBARDIN,5979018,"2017,2018,2019,2020,","4,3,3,6,"
ANY FITRIANI,6004273,"2012,2013,2014,2015,2016,2017,2018,2019,2020,2021,","1,0,0,0,2,1,4,6,2,3,"
KARTIKA YULIANTI,5979108,"2012,2013,2014,2015,2016,2017,2018,2019,2020,2021,2022,","1,0,0,1,1,1,2,4,3,4,1,"
RIDWAN EFENDI,5987645,"2016,2017,2018,2019,2020,2021,","2,2,1,3,2,7,"
SITI SRIYATI,6004536,"2017,2018,2019,2020,2021,","7,1,6,7,3,"
ANI NUR AENI,5993277,"2016,2017,2018,2019,2020,","1,0,1,5,1,"
TATANG MUHTAR,5993773,"2019,2020,","1,4,"
TAOPIK RAHMAN,5978619,"2019,2020,2021,2022,","1,0,1,1,"
YAYAN NURBAYAN,258249,"2016,2017,2018,2019,2020,","1,0,1,1,1,"
TATAT HARTATI,6038950,"2016,2017,2018,2019,2020,","1,1,0,3,3,"
SANDEY TANTRA PARAMITHA,5977670,"2016,2017,2018,2019,2020,2021,2022,","1,1,0,2,0,0,3,"
DITA AMANAH,5976422,"2018,2019,2020,2021,","2,0,1,1,"
WAWAN GUNAWAN,5994823,"2013,2014,2015,2016,2017,2018,2019,2020,2021,","1,0,0,0,4,2,4,2,3,"
RAHMAT,5990804,"2016,2017,2018,2019,2020,","1,0,0,1,2,"
JUDHISTIRA ARIA UTAMA,6125861,"2014,2015,2016,2017,2018,2019,2020,2021,2022,","3,3,5,2,2,6,4,3,1,"
NURLAN KUSMAEDI,6146204,"2017,2018,2019,2020,2021,","1,0,0,1,7,"
DODI SURYANA,6121280,"2019,2020,2021,2022,","6,15,5,2,"
YUDY HENDRAYANA,6661161,"2017,2018,2019,2020,2021,","5,0,0,4,4,"
MOHAMMAD RINDU FAJAR ISLAMY,6722290,,
NANDANG RUSMANA,5995335,"2019,2020,2021,","4,6,1,"
DINDIN ABDUL MUIZ LIDINILLAH,5977469,"2019,2020,2021,","4,2,2,"
SUMARTO,5979244,"2017,2018,2019,2020,","1,11,3,16,"
ANGGI SETIA LENGKANA,5993735,"2019,2020,2021,","3,2,2,"
IRMA RAHMA SUWARMA,5983995,"2017,2018,2019,2020,2021,","4,3,5,7,3,"
ALI ISMAIL,5993063,"2018,2019,2020,2021,2022,","1,9,2,2,1,"
YETI MULYATI,5993970,"2019,2020,2021,2022,","4,3,3,2,"
NURDINAH HANIFAH,5992549,"2018,2019,2020,2021,","2,4,0,1,"
HANA RUWAIDAH,6675247,,
RIRIN SISPIYATI,5986406,"2017,2018,2019,2020,2021,","2,0,2,8,2,"
CAHYO PUJI ASMORO,6175994,"2016,2017,2018,2019,2020,2021,","4,0,3,4,1,1,"
ERNA PIANTARI,6143243,"2017,2018,2019,2020,","1,1,2,7,"
WANJAT KASTOLANI,258204,"2016,2017,2018,2019,2020,2021,","1,0,4,2,0,3,"
WILDAN INSAN FAUZI,5992676,"2020,2021,2022,","2,1,1,"
TUTIK INAYATI,6676818,"2018,2019,2020,2021,2022,","1,3,2,0,1,"
AYU KRISHNA YULIAWATI,5977407,"2016,2017,2018,2019,2020,2021,2022,","4,1,3,2,0,1,1,"
MUHAMMAD NUR ALIF,6183716,"2015,2016,2017,2018,2019,2020,","1,0,1,0,1,3,"
HERA NOVIA,6126827,"2019,2020,2021,","5,0,3,"
ARI ARIFIN DANUWIJAYA,5991917,"2017,2018,2019,2020,2021,","2,5,4,0,2,"
SUSAN FITRIASARI,5989821,"2018,2019,2020,2021,","1,0,0,1,"
YUDI NURCAHYA,6141059,"2020,2021,","1,2,"
DARSIHARJO,5996446,"2018,2019,2020,2021,","1,0,0,1,"
NENDEN RANI RINEKASARI,5993613,,
YUNYUN YUDIANA,5994858,"2017,2018,2019,2020,2021,","1,0,0,0,2,"
RINA MARINA,257938,"2017,2018,2019,2020,2021,","2,1,2,5,2,"
DIAN RINJANI,6127196,"2021,","1,"
RIZAL AHMAD FAUZI,6131297,,
DIDIN BUDIMAN,5994760,"2014,2015,2016,2017,2018,2019,2020,2021,","1,0,0,1,0,0,0,2,"
MUHAMAD ARIEF RAMDHANY,5993223,"2016,2017,2018,2019,2020,2021,","1,0,1,0,2,2,"
YUDHA MUNAJAT SAPUTRA,6146885,"2017,","2,"
LAKSMI DEWI,5978451,"2019,2020,2021,2022,","1,0,3,1,"
AAS NURASYIAH,5994697,"2021,","1,"
NANI SUTARNI,5978295,"2019,2020,2021,2022,","2,4,1,1,"
EKO SULISTIONO,6722048,,
ROJAB SITI RODLIYAH,5978990,"2018,2019,2020,2021,2022,","1,0,1,2,1,"
YAYA SONJAYA,6122417,"2015,2016,2017,2018,2019,2020,2021,","2,3,0,1,2,2,2,"
NUNUNG SITI SUKAESIH,6125144,"2019,","1,"
BUDIMAN ANWAR,5978128,"2016,2017,2018,2019,2020,2021,2022,","1,0,0,0,2,3,1,"
SALSA SOLLI NAFSIKA,6778100,,
RASIM,5990962,"2016,2017,2018,2019,2020,2021,","1,6,5,2,4,1,"
YUSUF HILMI ADISENDJAJA,6146921,"2017,2018,2019,2020,2021,","2,1,3,2,4,"
DANNY MEIRAWAN,6112016,"2018,2019,2020,","3,3,5,"
PRAYOGA BESTARI,5995134,"2016,2017,2018,2019,","1,0,1,2,"
DETY AMELIA KARLINA,5993444,"2019,","2,"
SAEPUL ANWAR,5989812,"2017,2018,","2,2,"
ADMAN,5975671,"2017,2018,2019,2020,","1,1,0,1,"
WIWI SISWANINGSIH,6681972,"2017,2018,2019,2020,2021,2022,","3,3,2,1,2,2,"
EKA SAKTI YUDHA,5978206,"2019,2020,2021,","2,1,2,"
YANTI SHANTINI,5994917,"2020,","1,"
RICHE CYNTHIA JOHAN,5977502,"2019,","1,"
EKA FITRAJAYA RAHMAN,6038107,"2016,2017,2018,2019,2020,2021,","1,4,1,3,4,1,"
RITA MILYARTINI,5978994,"2019,2020,2021,2022,","1,1,0,2,"
IKA FITRI APRIANI,6649299,"2019,2020,2021,","1,2,2,"
AGUS DANAWAN,6123641,"2019,2020,","3,1,"
NANANG DWI ARDI,257201,"2015,2016,2017,2018,2019,","1,7,0,3,6,"
IIM SITI MASYITOH,5992560,"2020,2021,2022,","1,0,1,"
SUPRIYONO,5992869,"2021,","1,"
CECEP DARMAWAN,5989822,"2015,2016,2017,2018,2019,2020,","1,3,0,0,0,2,"
BUDI HERMAWAN,6728996,"2011,2012,2013,2014,2015,2016,2017,2018,2019,2020,2021,","1,1,0,0,0,0,1,0,1,0,1,"
DIANA NOOR ANGGRAINI,6140867,"2018,2019,2020,2021,2022,","1,0,1,2,2,"
UPIK RAHMI,5978408,,
YAYAH RAHYASIH,5994901,"2020,","2,"
ASEP MULYADI,5994685,"2018,2019,2020,2021,","3,2,1,3,"
CITRA OKTASARI,6739791,"2020,2021,","6,3,"
ERLANGGA,6653131,"2019,2020,2021,","1,2,1,"
MUHAMMAD IHSAN,6115091,"2019,2020,2021,","4,0,2,"
EKI NUGRAHA,6111743,"2016,2017,2018,2019,2020,2021,2022,","1,7,6,2,3,1,3,"
IRA PURNAMASARI MN,6009786,"2015,2016,2017,2018,2019,2020,","1,2,2,1,7,1,"
DIKDIK ZAFAR SIDIK,5989589,"2017,2018,2019,2020,2021,2022,","1,0,0,0,1,1,"
SENI APRILIYA,5977974,"2016,2017,2018,2019,","1,1,0,2,"
NIA NAFISAH,6005566,"2014,2015,2016,2017,2018,2019,2020,","1,0,1,0,0,0,2,"
DIAH KUSUMAWATY,6005459,"2011,2012,2013,2014,2015,2016,2017,2018,2019,2020,2021,2022,","1,1,0,0,0,1,3,1,0,3,1,4,"
OONG KOMAR,5986243,"2019,2020,","5,2,"
A SOBANDI,5994552,"2020,2021,","2,1,"
NUGRAHA,5994754,"2015,2016,2017,2018,2019,2020,2021,","1,4,5,15,2,5,1,"
IRFAN FAUZI,6726562,,
ASEP SAEPUDIN,5994652,,
DEWI RACHMATIN,5975775,"2019,2020,","1,1,"
"DR. WIENDARTUN, M.SI",5994190,"2008,2009,2010,2011,2012,2013,2014,2015,2016,2017,2018,2019,2020,2021,2022,","1,0,1,0,0,1,0,1,2,1,4,2,1,3,1,"
KUSTON SULTONI,259556,"2017,2018,2019,2020,2021,","6,0,0,0,6,"
HARI MULYADI,5984810,"2018,2019,","3,4,"
SHINTA MAHARANI,6000177,"2020,2021,","3,1,"
DEDE ROHMAT NURJAYA,6011830,"2017,2018,2019,2020,2021,","1,0,0,1,1,"
HAYANI WULANDARI,5994217,"2016,2017,2018,2019,2020,","1,0,0,1,2,"
INTAN PERMATA SARI,6130817,"2021,","3,"
MAULIA DEPRIYA KEMBARA,5995003,"2019,2020,2021,2022,","1,0,3,1,"
ILHAMDANIAH,6003424,"2010,2011,2012,2013,2014,2015,2016,2017,2018,2019,2020,2021,2022,","1,0,0,0,0,0,0,0,1,0,1,3,1,"
LISNA ANISA FITRIANA,5995020,"2018,2019,2020,2021,","1,0,2,5,"
OMAY SUMARNA,6134687,"2001,2002,2003,2004,2005,2006,2007,2008,2009,2010,2011,2012,2013,2014,2015,2016,2017,2018,2019,2020,2021,","2,0,2,0,0,0,0,0,0,0,0,0,0,0,0,2,5,0,1,2,3,"
SEPTIAN ANDRIYANI,6088520,"2018,2019,2020,2021,","1,0,0,5,"
INDRA SAFARI,5993891,"2017,2018,2019,2020,2021,","1,0,3,1,1,"
TATANG PERMANA,6120239,,
"R. DIAN HENDRAYANA, S.S., M.PD.",6129542,,
ALDISSAIN JURIZAT,6746163,"2018,2019,2020,2021,2022,","1,1,0,5,1,"
KOMARUDIN,5992835,"2017,2018,2019,2020,2021,","4,0,0,0,1,"
QONITA,6767689,"2019,","5,"
R. NELLY NUR APANDI,6735793,"2020,2021,","2,1,"
RITA PATRIASIH,5994115,"2019,2020,2021,","2,3,3,"
ANGGA M SYAHID,6681782,"2020,2021,","3,3,"
WASLALUDDIN,6099556,"2013,2014,2015,2016,2017,2018,2019,2020,2021,","1,0,0,2,0,1,5,2,1,"
INDIRA SYAWANODYA,6681751,"2018,","1,"
RESA PRAMUDITA,6688224,"2017,2018,2019,2020,2021,","2,1,5,0,1,"
FITRI NURAENI,6694029,"2016,2017,2018,2019,2020,2021,2022,","2,0,0,0,1,0,2,"
AGUS TAUFIQ,6038357,"2019,2020,2021,","3,2,1,"
RIKA RAFIKAH AGUSTIN,6115166,"2017,2018,2019,2020,2021,","4,2,3,3,1,"
ASARI DJOHAR,6031234,"2018,2019,2020,2021,","6,5,5,1,"
IIP SARIPAH,5994097,"2016,2017,2018,2019,2020,2021,","2,0,0,0,2,1,"
SITI AISYAH,5984449,"2008,2009,2010,2011,2012,2013,2014,2015,2016,2017,2018,2019,2020,2021,2022,","1,0,0,0,0,2,1,1,2,4,9,2,1,3,2,"
HENI RUSNAYATI,6122990,"2017,2018,2019,","1,2,5,"
KAMIN SUMARDI,5978127,"2017,2018,2019,2020,","1,3,1,3,"
AGUS FANY CHANDRA WIJAYA,6159695,"2016,2017,2018,2019,2020,","4,0,4,3,1,"
HASBULLAH,5993941,"2016,2017,2018,2019,2020,2021,","2,2,6,6,0,2,"
JAJAT,6002301,"2017,2018,2019,2020,2021,","2,0,0,0,7,"
MAULANA,5993446,"2018,2019,2020,2021,2022,","2,3,1,0,1,"
EDDY PRASETYO NUGROHO,5990993,"2017,2018,2019,2020,","5,3,2,5,"
JAJANG KUSNENDAR,5989839,"2016,2017,2018,2019,2020,2021,","2,2,4,3,6,1,"
IMAS DIANA APRILIA,6000366,"2021,","1,"
FAZRI NUR YUSUF,5978422,"2017,2018,2019,2020,","1,0,2,1,"
"DR. DIAN INDIHADI, M.PD.",6014404,"2019,","2,"
NENDEN INEU HERAWATI,6006181,,
WAWAN HERMAWAN,5989811,,
YUDI SUKMAYADI,6100381,"2019,2020,2021,2022,","1,2,0,1,"
RR TJAHYANI BUSONO,6000749,"2016,2017,2018,2019,2020,2021,","1,0,2,0,5,2,"
SULASTRI,6067962,"2015,2016,2017,2018,2019,2020,2021,","1,1,0,2,0,4,2,"
MAMAN SOMANTRI,6003437,"2015,2016,2017,2018,2019,2020,2021,2022,","1,3,2,10,2,2,7,2,"
DEDI KOSWARA,5987715,"2021,","2,"
ZAKARIAS SUKARYA SOETEJA,6107747,"2020,2021,2022,","2,0,1,"
ANNE HAFINA,5994473,"2019,2020,2021,2022,","4,4,1,1,"
AGUS SOLEHUDIN,6042424,"2014,2015,2016,2017,2018,2019,2020,2021,2022,","1,1,1,1,2,1,2,1,1,"
ACENG MUHTARAM MIRFANI,5995460,"2019,2020,2021,","1,1,1,"
NENDEN SRI LENGKANAWATI,5991826,"2015,2016,2017,2018,2019,2020,2021,","2,0,3,0,3,1,1,"
MOKH. ADIB SULTAN,6002446,"2019,2020,2021,","2,2,1,"
HARSA WARA PRABAWA,5981240,"2016,2017,2018,2019,2020,","1,6,2,3,4,"
ENDIS FIRDAUS,5991808,"2018,2019,2020,2021,","1,1,0,1,"
ARDIYANTO,6747025,,
AAM ALI RAHMAN,6689586,"2020,2021,2022,","4,2,2,"
RIZKY RACHMAN JUDHIE P,5993953,"2017,2018,2019,2020,","1,0,5,4,"
ENDANG CAHYA MULYANING A,6121877,"2017,2018,2019,2020,2021,","1,1,7,1,1,"
CEPI RIYANA,5978187,"2017,2018,2019,2020,2021,","1,0,1,2,1,"
DIAN ANGGRAINI,6681986,"2017,2018,2019,2020,","3,0,0,1,"
SANDIE GUNARA,5977160,"2019,2020,2021,2022,","2,1,1,3,"
IWA LUKMANA,6681158,"2011,2012,2013,2014,2015,2016,2017,2018,2019,2020,2021,","1,0,0,0,0,0,1,0,2,0,3,"
ASEP WAHYUDIN,5991982,"2016,2017,2018,2019,2020,2021,","1,2,1,1,3,1,"
MULYANA ABDULLAH,6123317,"2018,2019,2020,2021,","1,1,0,1,"
DINA SITI LOGAYAH,6140888,"2019,2020,2021,2022,","2,1,5,1,"
AGUS SETIABUDI,5982867,"2002,2003,2004,2005,2006,2007,2008,2009,2010,2011,2012,2013,2014,2015,2016,2017,2018,2019,2020,2021,","2,4,3,2,0,0,0,0,0,0,0,0,1,0,1,5,2,3,5,1,"
DENI WARDANA,6662598,,
ADIB RIFQI SETIAWAN,6710906,,
ANDOYO SASTROMIHARJO,5987306,"2019,2020,2021,2022,","1,1,3,1,"
ENI NURAENI,6003416,"2017,2018,2019,2020,2021,","3,3,3,3,3,"
NURYADI,6129407,"2017,2018,2019,2020,","2,0,1,3,"
PURNOMO,6655363,"2018,2019,2020,2021,2022,","3,1,2,2,1,"
IWA KUNTADI,6124175,"2018,2019,2020,2021,","4,2,2,1,"
NUR INDRI RAHAYU,5994469,"2017,2018,2019,2020,2021,2022,","1,0,0,2,2,1,"
SHAFIRA HIMAYAH,6114986,"2016,2017,2018,2019,2020,2021,","1,0,0,6,1,3,"
RUSWAN DALLYONO,6682759,"2019,2020,2021,2022,","2,3,2,1,"
YUSEP SUKRAWAN,5978341,"2018,2019,","1,1,"
NUNUY NURJANAH,5983965,"2019,2020,2021,","3,3,1,"
ADE SADIKIN AKHYADI,6106975,"2019,","1,"
SAID HAMID HASAN,6193496,,
SUCI TUTY PUTRI ,5975877,"2018,2019,2020,2021,","1,0,1,4,"
MUKHIDIN,5991832,"2017,2018,2019,2020,","1,3,2,3,"
WAWAN PURNAMA,6003518,"2016,2017,2018,2019,2020,","1,3,4,2,5,"
SYAMSUL HADI SENEN,5984992,"2017,2018,2019,2020,2021,2022,","1,2,2,1,1,1,"
MUHAMMAD RIJAL WAHID MUHARRAM,6709826,"2018,2019,2020,","1,3,1,"
DIDI TEGUH CHANDRA,6148724,"2017,2018,2019,2020,2021,","5,8,8,1,2,"
ROSARINA GIYARTINI,6142244,,
KHUSNUL NOVIANINGSIH,258640,"2014,2015,2016,2017,2018,2019,2020,2021,","3,0,1,0,2,1,1,1,"
AMPRASTO,5988635,"2018,2019,2020,2021,","1,1,3,4,"
YADI RUYADI,6664082,"2017,2018,2019,2020,","1,0,0,1,"
ASEP SOPIAN,258048,,
MIRAWATI,5982881,"2017,2018,2019,2020,2021,","1,0,2,0,2,"
AYUNG CANDRA PADMASARI,6130964,"2020,2021,","1,1,"
GHOITSA ROHMAH NURAZIZAH,6798290,"2016,2017,2018,2019,2020,","3,1,0,0,2,"
TUTIN ARYANTI,258178,"2013,2014,2015,2016,2017,2018,2019,2020,","2,0,0,1,6,4,0,3,"
PURWATI,6746144,"2020,","1,"
MOMO,5994131,"2017,2018,2019,2020,2021,","1,1,1,2,1,"
KUSWANTO,6728771,,
SRI HARTO,6127481,"2019,2020,2021,2022,","1,0,1,1,"
ENGKOS KOSASIH,6005773,,
DEVI APRIANTI RIMADHANI AGUSTINI,6745751,"2016,2017,2018,2019,","2,0,0,3,"
UYU WAHYUDIN,5993946,"2015,2016,","2,1,"
TATANG HIDAYAT,6670154,,
MOKH IMAN FIRMANSYAH,5993699,"2016,2017,2018,2019,2020,2021,2022,","1,0,4,1,0,1,1,"
AHMAD HAMIDI,5995207,,
TAUFIK ABDULLAH,6127535,"1988,1989,1990,1991,1992,1993,1994,1995,1996,1997,1998,1999,2000,2001,2002,2003,2004,2005,2006,2007,2008,2009,2010,2011,2012,2013,2014,2015,2016,2017,2018,2019,2020,2021,2022,","1,1,0,0,0,0,1,0,0,0,0,0,0,0,0,0,0,0,0,0,0,1,0,1,0,0,0,0,1,0,0,0,0,0,5,"
FITRI ALFARISA,6691682,"2019,","3,"
AI MAHMUDATUSSA ADAH,5994030,"2016,2017,2018,2019,2020,2021,","2,0,2,1,1,1,"
AGARA DAMA GAPUTRA,6745709,"2020,","2,"
RINITA ROSALINDA DEWI,6751456,"2019,","1,"
YULIANTI FITRIANI,6130037,,
DJAM'AN SATORI,5991840,"2017,2018,2019,2020,","1,0,0,1,"
SUMANANG MUHTAR GOZALI,6121808,"2010,2011,2012,2013,2014,2015,2016,2017,2018,2019,2020,2021,","1,0,0,0,0,0,0,2,3,3,1,1,"
DIAH LATIFAH,5995238,"2020,","1,"
SUCI UTAMI PUTRI,5993975,"2016,2017,2018,2019,","1,0,0,3,"
GEMA RULLYANA,5994404,"2019,2020,2021,2022,","1,0,1,2,"
ANNISA JOVIANI ASTARI,6755030,"2012,2013,2014,2015,2016,2017,2018,2019,","1,0,0,0,0,0,0,1,"
GUN GUN GUMILAR,5983442,"2016,2017,2018,2019,2020,2021,2022,","1,6,2,1,2,1,2,"
FARID ABDULLAH,5993877,,
YOSTIANI NOOR ASMI HARINI,5994037,,
KUSNENDI,5993243,"2016,2017,2018,2019,2020,","1,0,1,1,2,"
HANI YULINDRASARI,6033960,"2011,2012,2013,2014,2015,2016,2017,2018,2019,2020,2021,2022,","1,0,0,0,0,0,0,1,1,0,1,1,"
FITRIANI AGUSTINA,5981275,"2017,2018,2019,","1,0,3,"
ANY ARYANI,6038233,"2017,2018,2019,","1,0,1,"
SUKO PRATOMO,6730573,"2019,2020,2021,","3,0,1,"
HANA SILVANA,5994816,"2020,","2,"
WAWAN WAHYU,6039132,"2016,2017,2018,2019,2020,2021,","1,1,4,0,4,1,"
SYAHIDIN,5993519,,
HAFIZ AJI AZIZ,6748855,"2016,2017,2018,2019,2020,2021,","1,1,1,0,1,4,"
MITA NURHAYATI,6745947,"2021,2022,","5,2,"
PUJI RAHMAWATI NURCAHYANI,6733171,"2016,2017,2018,2019,2020,2021,","1,0,0,1,1,1,"
MONA FIAMETTA FEBRIANTY,6681783,,
NANANG GANDA PRAWIRA,6103030,,
JAJAT S ARDIWINATA,5994332,"2015,2016,2017,2018,2019,2020,2021,2022,","1,0,0,1,1,1,0,2,"
SUCI APRILLIANI UTAMI,6006385,,
ELIS ENDANG NIKMAWATI,5994650,"2018,2019,","2,4,"
DANDHI KUSWARDHANA,6133646,"2015,2016,2017,2018,2019,2020,2021,","1,2,1,0,0,1,4,"
SUKANTA,6125495,,
HENY DJOEHAENI,6001543,"2019,2020,","1,1,"
NURUL FAHMI ARIEF HAKIM,6725597,"2018,2019,2020,2021,2022,","2,1,1,3,1,"
SUHERMAN SLAMET,5996323,,
BABANG ROBANDI,5995489,,
DERI HENDRIAWAN,6006923,"2019,2020,2021,","1,2,1,"
TIRTA ADIKUSUMA SUPARTO,6140627,"2017,2018,2019,2020,2021,","1,0,0,0,2,"
MASHARYONO,5984854,"2018,","2,"
ERLINA WIYANARTI,5992644,"2018,2019,2020,2021,2022,","1,0,1,0,1,"
BUDI SANTOSO,5993631,"2012,2013,2014,2015,2016,2017,2018,2019,","1,0,1,1,2,2,1,1,"
"DR. ENDANG RUSYANI, M.PD",6124916,"2021,","2,"
NEINY RATMANINGSIH,5994421,"2018,2019,2020,2021,2022,","1,1,1,0,1,"
YOGI AKIN,5993593,"2019,2020,","3,1,"
ANDIKA ARISETYAWAN,6006836,"2019,2020,","1,1,"
IQBAL MUSTHAPA,5979687,"2009,2010,2011,2012,2013,2014,2015,2016,2017,2018,2019,2020,2021,","2,1,0,0,0,0,1,4,0,3,0,3,1,"
DANIEL JULIANTO TARIGAN,6682292,"2020,2021,2022,","1,1,1,"
UMAN SUHERMAN AS,5995491,"2016,2017,2018,2019,2020,2021,2022,","1,0,0,1,5,0,1,"
MUHAMMAD RIZALUL WAHID,6780434,"2019,2020,2021,","1,0,1,"
EKA PRIHATIN,6147695,"2019,2020,","1,2,"
ROSA ARIANI SUKAMTO,5974496,"2017,2018,2019,2020,","6,1,0,3,"
NAVIK ISTIKOMAH,6668198,"2020,2021,2022,","2,0,1,"
WARLIM,6124952,,
ANNISA CIPTAGUSTIA,5994482,"2019,","1,"
CEPI TRIATNA,5978540,"2016,2017,2018,2019,2020,","3,0,0,0,1,"
BANDI SOBANDI,5993460,"2021,2022,","2,1,"
POPI SOPIAH,6126299,"2017,2018,2019,2020,2021,2022,","2,1,0,0,0,1,"
GILAR GANDANA,6138272,"2017,2018,2019,2020,2021,2022,","1,0,2,1,0,1,"
NIKE KAMARUBIANI,5995140,"2019,2020,","1,1,"
ASEP HADIAN SASMITA,5993940,"2016,2017,2018,","1,0,1,"
NENI ROHAENI,5978803,"2020,","1,"
RINI INTANSARI MEILANI,5994001,"2013,2014,2015,2016,2017,2018,2019,2020,","1,0,0,0,0,0,0,1,"
EDI SURESMAN,5993676,"2020,2021,","1,2,"
WAHYU SURAKUSUMAH,6723267,"2018,2019,2020,2021,","4,1,0,3,"
RITA MARIYANA,6129983,,
YOYO SOMANTRI,5993939,"2017,2018,2019,2020,2021,","1,10,2,2,2,"
DEWI INDRIATI HADI PUTRI,6720737,"2018,2019,","2,1,"
ENJANG ALI NURDIN,6141098,"2016,2017,2018,2019,2020,","1,0,1,0,6,"
ENCEP SYARIEF NURDIN,5983269,"2017,2018,2019,2020,2021,","1,1,0,1,2,"
NITA NOVIANTI,5978402,"2016,2017,2018,2019,2020,2021,2022,","1,2,1,1,1,1,1,"
AGUS GUMILAR,6681736,"2017,2018,2019,2020,2021,","1,0,1,1,2,"
SRI SUBEKTI,5992880,"2014,2015,2016,2017,2018,2019,2020,2021,2022,","1,0,3,7,3,3,0,1,2,"
PANDU HYANGSEWU,6656623,"2021,","1,"
AAN HASANAH,6000349,,
RINI MARWATI,5981279,"2012,2013,2014,2015,2016,2017,2018,2019,2020,","1,1,0,0,1,0,2,1,2,"
DADI MULYADI NUGRAHA,6690012,,
LELI KURNIAWATI,5994085,,
RIDWAN ADAM MUHAMAD NOOR,6003943,"2020,","3,"
SEPTIAN WILLIYANTO,6726124,"2021,","2,"
YANI ACHDIANI,6122039,"2018,2019,2020,2021,","2,2,0,1,"
FIRMAN AZIZ,6036674,"2018,2019,","2,2,"
REGINA LICHTERIA PANJAITAN,5996995,"2016,2017,2018,2019,","1,0,2,4,"
BUDHI PAMUNGKAS GAUTAMA,5993835,"2019,","1,"
MUHAMAD NURSALMAN,6143456,"2015,2016,2017,2018,2019,2020,","1,0,2,4,0,5,"
ASEP DENI GUSTIANA,5994314,,
MEDIANTA TARIGAN,5994582,,
HIZBA MUHAMMAD SADIDA,6745857,"2020,","5,"
YANA SETIAWAN,5996344,,
RESA RESPATI,5994434,"2021,","1,"
SUHARA,6125279,"2015,2016,2017,2018,2019,2020,2021,2022,","1,1,3,3,4,3,1,1,"
RADITYA MUHAMMAD,6682222,"2018,2019,2020,2021,","2,0,0,1,"
R BOYKE MULYANA,6139448,"2020,2021,","1,4,"
BERLIANA,6009121,"2016,2017,2018,2019,2020,2021,2022,","1,0,0,0,0,2,1,"
SUSI GUSTINA,257517,,
FAHMI JAHIDAH ISLAMY,6647689,"2020,2021,2022,","1,1,1,"
LILIS WIDANINGSIH,5995039,"2018,2019,2020,2021,","4,1,4,1,"
TIA PURNIATI,6125459,"2018,2019,2020,","1,1,3,"
IMAN IMANUDIN,5994171,"2017,2018,2019,2020,2021,","2,0,0,1,1,"
ASYIFA IMANDA SEPTIANA,6681802,"2018,2019,","1,1,"
WILODATI,5976344,"2016,2017,2018,2019,2020,2021,","1,0,0,0,0,1,"
DEDI WARSANA,6778104,,
WAWAN DARMAWAN,5992655,"2016,2017,2018,2019,2020,2021,","1,0,4,1,1,1,"
ERIK MUHAMMAD PAUHRIZI,6750889,,
TINA HAYATI DAHLAN,5980395,"2013,2014,2015,2016,2017,2018,2019,2020,2021,2022,","2,0,0,0,0,1,1,0,0,1,"
ANDREAS SUWANDI,6681654,"2020,","1,"
TRIAS MEGAYANTI,6003266,"2018,2019,2020,","3,0,3,"
ROSITA RAHMA,5994318,"2019,2020,","3,2,"
FERI HIDAYATULLAH FIRMANSYAH,6130481,"2021,","3,"
TUTI ISTIANTI,5988088,"2019,2020,","1,1,"
YATTI SUGIARTI,5993933,"2016,2017,2018,2019,2020,2021,","1,0,3,2,2,1,"
RIDWAN EFFENDI,5993378,"2016,2017,2018,2019,2020,","1,1,1,1,1,"
NINA SUTRESNA,6006453,"2011,2012,2013,2014,2015,2016,2017,2018,2019,2020,2021,2022,","2,0,0,0,0,2,4,1,0,1,1,1,"
GIN GIN GUSTINE,6729061,"2018,2019,2020,2021,","1,2,0,1,"
DEDI SUTEDI,5993118,"2019,2020,","1,1,"
DEWI TURGARINI,6681270,"2016,","1,"
YUSUF MURTADLO HIDAYAT,6127532,"2020,2021,","4,1,"
ARISTANTI WIDYANINGSIH,5975674,,
IMAS KURNIAWATY,6146729,"2020,2021,","1,1,"
HELMY FIRMANSYAH,5978105,"2017,2018,2019,2020,2021,","4,5,3,1,2,"
MAHMUDAH SALWA GIANTI,6779018,"2017,2018,2019,2020,2021,","1,0,2,0,2,"
EKA NUGRAHA,5994296,"2016,2017,2018,2019,2020,2021,2022,","1,7,6,2,3,1,3,"
AGUS MAHENDRA,5979586,"2021,","1,"
VIENA RUSMIATI HASANAH,257089,"2016,2017,2018,2019,2020,2021,2022,","1,0,0,0,0,0,1,"
ASEP HERRY HERNAWAN,5992721,"2020,2021,2022,","2,3,1,"
NANIN TRIANAWATI SUGITO,6115094,"2018,2019,2020,2021,","1,3,0,1,"
DEWI SUSILAWATI,5993632,"2019,2020,","1,2,"
BUDI SUSETYO,6016781,"2017,2018,2019,2020,2021,2022,","2,0,0,0,1,1,"
JENURI,6134447,,
ADANG SUDRAZAT,6714452,"2021,","2,"
DARIS HADIANTO,6755923,"2021,2022,","3,3,"
AIM ABDULKARIM,5992379,"2018,2019,2020,2021,2022,","2,1,1,0,1,"
IRWAN SARBENI,6720860,"2021,","1,"
"DR. RUHALIAH, M.HUM.",5980277,,
NITIH INDRA KOMALA DEWI,6125855,"2018,","1,"
MUHAMMAD ADLI RIZQULLOH,6745864,"2018,2019,2020,2021,","1,2,1,1,"
ITA RUSTIATI RIDWAN,6043743,"2019,","1,"
JANAH SOJANAH,5994617,"2016,2017,2018,2019,2020,2021,","2,0,0,0,0,1,"
CARIA NINGSIH,6039392,"2016,2017,2018,2019,2020,","2,0,1,0,1,"
YULIARTI MUTIARSIH,5992665,,
ANA RAMDANI SARI,6745844,"2021,2022,","4,1,"
RIAN ANDRIAN,6681695,"2016,2017,2018,2019,","1,0,2,2,"
HENI MULYANI,257835,"2016,2017,2018,2019,2020,","1,0,0,0,1,"
MOHAMMAD ZAKY,6681872,"2017,2018,2019,2020,2021,","2,0,0,1,2,"
DADANG KURNIA,6721738,"2018,2019,","2,2,"
NUR HAFIZ ABDURAHMAN,6662753,"2018,2019,2020,2021,","1,1,1,1,"
IQBAL LHUTFI,6745836,,
BAMBANG TRISNO,5993962,"2016,2017,2018,2019,2020,","1,1,1,1,3,"
ANIN RUKMANA,6042017,"2020,","2,"
DADANG,6005751,"2016,","1,"
DELITA SEPTIA ROSDIANA,6726328,"2017,2018,2019,","1,0,1,"
RETTY ISNENDES,5994546,,
KANDA RUSKANDI,5995794,"2019,","2,"
ENCEP SUPRIATNA,5998557,"2020,","2,"
BUDI SUPRIATONO PURNOMO,5996343,"2020,2021,","1,1,"
MOMOD ABDUL SOMAD,5991838,,
HADY SITI HADIJAH,5994566,,
MARDIANI,5979146,"2020,","2,"
RISA TRIARISANTI,6102047,"2021,","1,"
ASEP SUMPENA,5978427,"2017,2018,2019,2020,2021,","1,0,0,0,1,"
TATANG SURATNO,6729458,"2012,2013,2014,2015,2016,2017,2018,2019,2020,","1,0,0,0,0,1,1,0,1,"
"IIK NURULPAIK, S.PD., M.PD",5995495,"2016,","2,"
AHMAD MULYADIPRANA,6000290,"2019,2020,2021,","1,0,1,"
KURNIA EKA WIJAYANTI,6004877,"2017,2018,2019,2020,2021,","1,0,0,0,2,"
RAMA WIJAYA ABDUL ROZAK,6759147,"2021,2022,","1,1,"
ASEP NURYADIN,6745757,,
MUHAMAD MARIS AL GIFARI,6101870,"2018,2019,2020,","2,0,3,"
AMAR MUFHIDIN,6750051,"2021,","2,"
SAMBAS ALI MUHIDIN,5994124,"2020,2021,2022,","1,1,1,"
IIS AISYAH,6156866,"2019,2020,","2,2,"
RISWANDA SETIADI,5990173,"2016,2017,2018,2019,","1,1,1,1,"
ERWIN RAHAYU SAPUTRA,6745747,"2020,2021,","1,1,"
DIDIN SAMSUDIN,6102061,"2021,","1,"
IQBAL FADLIL 'ABDILLAH SHODIKIN,6748117,,
HENI KOMALASARI,5995194,"2020,","1,"
SRI WAHYUNI TANSHZIL,5995176,"2018,2019,2020,","1,0,1,"
ASEP HERRY HERNAWAN,6796197,"2020,2021,2022,","1,3,1,"
TIA YULIAWATI,6722016,,
DEDE ISWANDI,5995220,"2018,","1,"
PUPUN NURYANI,6000860,,
PATRIANA NURMANSYAH AWWALUDIN,6690144,,
SAGITARIUS,5994326,,
AMANDA PUSPANDITANING SEJATI,6681142,"2019,","1,"
LINNA MEILIA RASIBAN,5992682,"2019,","1,"
FIRMAN ROBIANSYAH,6000078,"2019,","1,"
ELAN ELAN,6736627,"2017,","1,"
SAEFUDIN,6721267,"2017,2018,2019,2020,","1,2,1,3,"
SYTI SARAH MAESAROH,6681118,,
ARDIANSAH,6754065,"2019,2020,2021,2022,","1,0,1,1,"
ZAKIAH PAWITAN,6688227,,
HAIKAL MUHAMMAD IHSAN,6745327,"2019,2020,","1,1,"
NETI BUDIWATI,5993201,,
DADANG YUNUS LUTFIANSYACH,6654442,"2018,2019,2020,2021,2022,","2,5,0,1,1,"
WILDAN ALFIA NUGROHO,6745719,,
AGUNG SETYO SASONGKO,6692607,"2021,","1,"
SILMI AFINA ALIYAN,6749474,"2017,2018,2019,2020,2021,","1,0,0,2,1,"
M RIDWAN SUTISNA,6143237,"2021,","2,"
HIKMAT PRAMAJATI,6132635,"2019,","1,"
AYANG ARMELITA ROSALIA,6721849,,
YONA WAHYUNINGSIH,6004841,,
TONI SETIAWAN SUTANTO,6126662,"2019,","1,"
AMELINDA PRATIWI,6745853,"2021,2022,","3,1,"
ENTAN SAPTANI,6682914,"2019,2020,","1,1,"
BUDI SETIAWAN,6754095,"2018,2019,2020,2021,2022,","1,1,2,1,4,"
EKA SURACHMAN,5979141,"2019,","2,"
NUR FAIZAH ROMADONA,6001523,,
RUDIYANTO,6039467,,
NUGRAHA SUHARTO,6121505,,
AZIZAH FAUZIYAH,6084425,,
NADIA AULIA NADHIRAH,6141923,"2019,2020,2021,","1,1,1,"
TIKA ANNISA LESTARI KOESWANDI,6721352,"2021,","1,"
AMSOR,6681838,"2016,2017,2018,2019,","1,0,0,3,"
IKA LESTARI DAMAYANTI,6745874,"2014,2015,2016,2017,2018,2019,2020,2021,","1,0,0,2,0,0,1,1,"
IBNU MUBARAK,6129017,"2019,2020,","1,1,"
LUKMAN,6675529,"2016,2017,2018,2019,2020,2021,","1,1,0,1,1,1,"
AGUS MULYANA,5992575,"2016,2017,2018,2019,2020,","1,1,2,3,1,"
"DR. LINDA SETIAWATI,M.PD.",5995101,"2015,2016,2017,2018,2019,2020,2021,2022,","1,0,0,0,2,0,0,1,"
RIKA MARDIANI,6750042,,
SOLIHIN ICHAS HAMID,257005,"2016,","1,"
FITRANTY ADIRESTUTY,6682473,"2021,2022,","1,1,"
HALIMAH,6004942,"2020,2021,","1,1,"
AYO SUNARYO,5994222,,
ABUBAKAR,6664496,,
DEWI NUR AZIZAH,5994054,"2019,2020,","1,1,"
NOVIYANTI ANEROS,5992199,,
NURALY MASUM APRILY,6746170,,
DEWI DOLIFAH,6128765,"2020,2021,","1,1,"
IDRUS AFFANDI,6745710,"2016,2017,2018,2019,2020,2021,2022,","1,0,1,0,0,0,1,"
RIZKI HIKMAWAN,6122897,"2019,","2,"
DEDE MARGO IRIANTO,6123185,"2021,","1,"
RIKA SARTIKA,5990052,"2021,","1,"
RINANDA RIZKY AMALIA SHALEHA,6745841,"2019,","1,"
ARIE RAKHMAT RIYADI,259151,"2019,","1,"
IMAS DAMAYANTI,6137276,"2017,2018,2019,2020,2021,2022,","1,0,0,0,1,1,"
TATI SUMIATI,6144320,"2019,","3,"
SITI MUJDALIPAH,6042954,"2011,2012,2013,2014,2015,2016,2017,2018,2019,2020,","1,0,0,0,1,1,0,1,1,1,"
NUR AEDI,6001913,"2016,","1,"
FERRY DWI CAHYADI,6088631,"2021,","1,"
BADRUZAMAN,5994459,"2016,2017,2018,2019,2020,2021,","1,2,0,0,0,2,"
RANA GUSTIAN NUGRAHA,6095021,"2019,2020,2021,","1,1,1,"
MUH. HUSEN ARIFIN,6745847,,
BACHTIAR HASAN,5991821,"2016,2017,2018,2019,2020,2021,","1,1,3,1,2,1,"
IKIN SOLIKIN,5994587,,
ANDHIN DYAS FITRIANI,5989139,"2019,","1,"
FENY PUSPITASARI,6745755,,
NAHROWI ADJIE,5995587,,
SEHABUDIN SALASA,6143765,"2021,","3,"
AMIN BUDIAMIN,5995112,"2018,2019,","1,2,"
HERI SUTARNO,5993380,"2017,2018,2019,2020,","4,5,1,2,"
PIDI MOHAMAD SETIADI,6674027,"2019,2020,2021,","2,0,1,"
IMA NIMAH CHUDARI,6043715,"2019,","1,"
GIRANG RAZATI,5984831,,
RESTU MINGGRA,5994304,"2018,2019,2020,2021,2022,","4,0,4,0,1,"
EDED TARMEDI,5984792,"2018,","1,"
IMAS PURNAMASARI,5995993,"2018,","1,"
ENCUM SUMIATY,6142475,"2016,2017,2018,2019,2020,","1,1,1,2,1,"
DIAH CAHYANI PERMANA SARI,6003617,"2018,2019,2020,","2,1,2,"
GANO SUMARNO,5994887,"2017,2018,2019,2020,2021,","1,0,0,0,3,"
FAKRY GAFFAR,6145775,,
NENENG SRI WULAN,5994982,"2020,","1,"
DWI LESTARI RAHAYU,5994045,"2020,","1,"
SRIYONO,5995088,"2015,2016,2017,2018,","1,0,0,1,"
ENJANG YUSUP ALI,6749656,"2020,2021,2022,","1,0,2,"
RIZKI RAMADHAN,6754432,"2017,2018,2019,2020,2021,2022,","1,0,0,2,2,1,"
YUSI RIKSA YUSTIANA,5996530,"2019,2020,","2,1,"
SUMIYADI,5994381,,
AHMAD HUDAIBY GALIH KUSUMAH,5989818,"2016,","3,"
USEP KUSWARI,5987461,"2022,","2,"
AIP SARIPUDIN,6002410,"2002,2003,2004,2005,2006,2007,2008,2009,2010,2011,2012,2013,2014,2015,2016,2017,2018,2019,2020,2021,","1,0,0,0,0,0,0,0,0,1,0,0,1,1,1,1,3,0,3,1,"
DEWI KUSRINI,5994903,,
I WAYAN RATNATA,6004542,"2018,2019,2020,","2,1,2,"
DEDE KOSASIH,5994579,,
NIA LESTARI,6706109,,
KUSNADI,6002975,"2016,2017,2018,2019,2020,2021,2022,","1,1,1,1,1,3,1,"
ELAN SUMARNA,5993586,"2020,2021,2022,","1,0,1,"
BURHAN HAMBALI,6681587,"2017,2018,2019,2020,2021,","1,0,0,0,2,"
AHMAN,5990333,"2018,2019,2020,","2,0,1,"
AAM ABDUSSALAM,5993560,"2016,2017,2018,2019,2020,2021,2022,","1,0,0,1,0,1,2,"
IRA RENGGANIS,6000936,"2019,2020,2021,","1,0,1,"
ARMANDHA REDO PRATAMA,6748167,,
OCE RIDWANUDIN,6681229,"2016,2017,2018,2019,","3,0,0,1,"
HERAENI TANUATMODJO,5996065,,
GILANG PRATAMA PUTRA,6786959,"2019,2020,","1,1,"
ERNA SUWANGSIH,5993210,"2019,","3,"
TONO RACHMAD PUDJO HARTONO,5980702,,
CUCU SURAHMAN,5993732,"2021,","1,"
ASIH PURWANDARI WAHYOE PUSPITA,6736204,"2021,","2,"
IPAH SARIPAH,5995090,"2016,2017,2018,2019,2020,","2,0,0,0,2,"
TUTI SUARTINI,5983986,"2017,2018,2019,2020,","1,0,1,3,"
LIZZA SUZANTI,6147053,"2021,","1,"
YOPI KUSDINAR,6745768,"2017,2018,2019,2020,2021,","1,0,1,1,1,"
TAUFANI CHUSNUL KURNIATUN,6043062,"2015,2016,2017,2018,2019,2020,","1,0,0,0,0,7,"
ERIK HARITMAN,6003383,"2018,2019,2020,2021,2022,","3,0,3,2,1,"
HILDA MONOARFA,6150134,"2021,2022,","2,1,"
HUSTY SERVIANA HUSAIN,6121538,"2009,2010,2011,2012,2013,2014,2015,2016,2017,2018,2019,2020,2021,","1,0,0,0,0,0,0,0,0,0,1,0,1,"
TASMA SUCITA,5993914,"2016,2017,2018,2019,2020,2021,","1,1,7,2,1,1,"
NANANG FATTAH,5979056,"2018,2019,2020,","1,0,2,"
WULANDARI PUTRI,6199058,"2020,2021,","1,3,"
KURNIAWATI,6006759,,
ISNIE YUSNITHA,5993405,"2016,2017,2018,2019,2020,","2,2,3,2,2,"
MAYA PURNAMA SARI,6125027,,
B LENA NURYANTI,5992548,"2016,","1,"
DEWI CAKRAWATI,5992915,"2016,2017,2018,2019,2020,2021,","2,3,3,0,0,1,"
ISTI SITI SALEHA,5979123,"2013,2014,2015,2016,2017,2018,","1,0,2,0,0,2,"
NURHUDAYA,5995574,"2019,2020,","2,3,"
OYON HAKI PRANATA,6128525,,
ADI PREHANTO,6745739,,
HENY ROHAYANI,6694989,,
ATAT SITI NURANI,5999585,"2016,2017,2018,2019,2020,2021,","1,0,1,1,0,1,"
HARIS SANTOSA NUGRAHA,5980272,"2022,","1,"
NONO SUPRIATNA,5995836,,
SENDI FAUZI GIWANGSA,6723381,,
ENDA PERMANA,6121829,,
EFFY MULYASARI,5993306,"2016,","1,"
ASRI WIBAWA SAKTI,6745928,,
TONI HERYANA,5995980,"2020,","2,"
RETNO AYU HARDIYANTI,6780170,"2019,2020,2021,","1,0,2,"
IDA WIDIA,5995619,,
ISTIQOMAH,6000414,"2020,","2,"
DIKY ZAKARIA,6779007,"2018,2019,2020,2021,","5,1,0,2,"
HENRY VIRGAN,6139988,,
RIPAN HERMAWAN,6005860,"2011,2012,2013,2014,2015,2016,2017,2018,2019,2020,2021,","1,0,0,0,0,0,0,0,0,0,1,"
ANWAR SANUSI,6740451,,
DHIKA DHARMANSYAH,6729054,"2021,","1,"
USUP ROMLI,6145733,,
MOHAMAD ZAKA AL FARISI,258095,"2015,2016,2017,2018,","1,0,0,1,"
WINA NURHAYATI PRAJA,6690391,,
TIURLINA,6043729,,
DERY RIMASA,6681518,,
SRI MASLIHAH,6655941,,
VELAYETI NURFITRIANA ANSAS,6100520,"2021,","1,"
AGUS SUPRIYATNA,6006300,"2018,","1,"
SUSILAWATI,6000496,"2016,","1,"
AHDIYATUL FAUZA,6745727,"2019,","1,"
NON DWISHIERA CAHYA ANASTA,6722417,,
EMI LINDAYANI,6658130,,
EMI EMILIA,6728899,"2012,2013,2014,2015,2016,2017,2018,2019,2020,2021,2022,","1,0,1,0,0,3,1,0,0,0,2,"
TATI HERNAWATI,6039136,,
YANI FITRIYANI,6737933,,
IYEN NURLAELAWATI,6005610,"2014,2015,2016,2017,","1,0,0,1,"
AI SUTINI,6004075,"2020,","1,"
TATI SETIAWATI,5999497,"2018,2019,2020,2021,","1,0,0,1,"
AYU MUTIARA SANTANU,6681721,,
ISTIKHOROH NURZAMAN,6654231,"2019,","1,"
RIDA ROSIDA,5994703,,
TRIANNISA RAHMAWATI,6745962,"2019,2020,2021,2022,","1,1,0,1,"
ASMA AZIZAH,6705531,,
REIZA MIFTAH WIRAKUSUMA,5989830,"2016,2017,2018,","2,0,1,"
RUSWENDI PERMANA,5987789,,
RISRIS HARI NUGRAHA,6692272,"2021,","1,"
GANJAR EKA SUBAKTI,6682627,"2022,","1,"
DEDEN PRADEKA,6680849,"2017,","1,"
FRAHMA SEKARNINGSIH,5993485,"2021,","1,"
YOGI PRASETYO,6745790,,
DEDDY SURYANA,6150914,,
ARIM NASIM,6009264,"2020,","1,"
LISNAWATI,5986471,"2017,2018,","2,3,"
IRVAN SATRYA PRANA,6779573,,
PRIMANITA SHOLIHAH ROSMANA,6745893,,
ISHAK ARIAWAN,6745750,"2020,2021,2022,","1,0,1,"
LUKMAN HAKIM,6754055,"2020,2021,","1,1,"
NOVRIZAL ACHMAD NOVAN,6681784,"2021,","2,"
RIKSMA NURAHMI RINALTI AKHLAN,6122630,,
AFI FADLILAH,5995742,"2019,","1,"
AAN LISTIANA,6001641,,
SRI WIYANTI,5982361,"2019,","1,"
AHMAD SYAMSU RIZAL,5994635,,
ASEP KURNIA JAYADINATA,5993780,"2019,2020,2021,","1,0,1,"
NADIA TIARA ANTIK SARI,6689078,,
YENI KURNIAWATI SUMANTRI,6123152,"2021,","1,"
ADE ROHAYATI,6186158,"2020,","1,"
ABI SOPYAN FEBRIANTO,6745861,,
RIA SABARIA,6146648,,
TARUNASENA,5992788,"2018,2019,2020,","3,0,1,"
EVI RAHMAWATI,6691539,"2016,2017,2018,","1,0,2,"
JAJAT DARAJAT KUSUMAH N.,5994923,"2017,2018,2019,","1,0,1,"
AHIM SURACHIM,5992863,"2017,2018,2019,","1,2,1,"
TOTO RUHIMAT,5995979,,
ABAS ASYAFAH,5993706,"2014,","1,"
MAMAN ABDURAHMAN,257947,,
DINA MAYADIANA SUWARMA,5993782,,
YUYUS SUHERMAN,6000590,"2021,","2,"
APRILIA EKI SAPUTRI,5995614,,
HERI RIDWAN,6139697,"2019,2020,2021,2022,","1,0,0,1,"
PURNA HINDAYANI,6745708,"2017,2018,2019,2020,2021,2022,","1,1,0,1,0,1,"
NENDEN SUNDARI,6043460,"2019,","1,"
KURJONO,5994659,,
HERNAWAN,5987458,,
ENRY JOHAN JAOHARI,6745762,,
DIDING NURDIN,5995269,"2020,2021,2022,","1,0,1,"
ALFIRA SOFIA,259602,"2015,2016,2017,2018,2019,2020,2021,","1,0,0,0,0,1,1,"
FULLY RAKHMAYANTI,6745729,"2021,","1,"
LABIBATUSSOLIHAH,6705586,,
LIPTIA VENICA,6779029,,
AGUS MULYANA,6791319,"2019,","2,"
META ARIEF,5994696,"2016,2017,2018,2019,2020,2021,","1,0,1,0,2,2,"
HIMAWAN PRASETIYO,6745744,"2020,","1,"
RAFIKA ROSYDA,6727416,,
FAZAR NURIANSYAH,6787025,,
OCIH SETIASIH,6123149,,
INDAH NURMAHANANI,5995562,,
CHAIRUL FURQON,5994043,"2019,2020,","2,1,"
LUCY YOSITA,6005978,"2018,2019,2020,","3,0,2,"
ENTIT PUSPITA,5986409,"2016,2017,2018,2019,2020,2021,","2,2,0,1,0,1,"
CIK SUABUANA,6126941,,
A. BUDHI SALIRA,6771601,"2021,2022,","2,1,"
EEN RATNENGSIH,5996180,,
FITRI ROSDIANA,6681777,"2021,2022,","1,1,"
AHMAD JAFAR SHIDIQ,6746559,,
RIESKY,5994354,,
NETTI SISKA NURHAYATI,5994146,,
WACHYU SUNDAYANA,6109607,"2015,2016,2017,2018,2019,2020,","1,1,0,2,1,1,"
CUCU SUKMANA,6654466,"2019,","2,"
ABDUL AZIS,6712382,,
ACENG RUHENDI SYAIFULLAH,6005752,,
YUSUF ALI TANTOWI,6682708,,
IMAM TRI SUTRISNO,6711574,,
ANDI SUNTODA SITUMORANG,6140789,"2021,","1,"
MOHAMAD HELMI ISMAIL,6006814,,
AKHMAD NUGRAHA,5994330,,
DADAN MULYANA,6681778,,
NURDIN,5995286,,
MARGARETHA SRI Y,5994324,,
NOVI YANTHI,6004309,,
RESHANDI NUGRAHA,6725014,"2021,","1,"
FAHRUDIN,5993594,"2016,2017,2018,","1,0,1,"
DR. NINA SUTRESNA,6681798,"2011,2012,2013,2014,2015,2016,2017,2018,2019,2020,2021,2022,","2,0,0,0,0,2,4,1,0,1,1,1,"
DHEKA DWI AGUSTININGSIH,6770931,,
DEDI SASMITA,6799085,"2016,2017,2018,2019,2020,","1,0,0,2,1,"
PUTRASULUNG BAGINDA,6004765,,
DWI IMAN MUTHAQIN,6077679,"2016,2017,2018,2019,2020,2021,2022,","1,0,1,0,0,0,1,"
RANGGA GELAR GUNTARA,6738149,"2018,2019,","1,1,"
PUJI RAHAYU,5993194,,
HANIFA ZULHAIMI,259601,,
ALEN RISMAYADI,6682218,"2017,","1,"
HENI NURAENI ZAENUDIN,6122531,"2016,2017,2018,","1,0,1,"
ESYA ANESTY MASHUDI,5993230,,
AGUS NUR SALIM,6649889,"2021,2022,","1,1,"
BUDI KUDWADI,5995921,"2020,","3,"
ANWAR SANUSI,6740373,,
DEWI KARYATI,5995041,"2021,","1,"
NANI IMANIYATI,5994561,,
NANI M SUGANDHI,5994979,"2019,2020,","2,1,"
PURNAWAN,5976918,"2020,2021,2022,","1,1,1,"
DADANG DAHLAN,5993404,"2016,2017,2018,2019,2020,","1,0,0,0,1,"
EUIS HERYATI,5996352,"2022,","1,"
PRIHANTINI,6070701,"2019,2020,2021,","1,0,1,"
TIN RUSTINI,6006348,,
TRI KARYONO,5994642,,
MOCHAMAD IQBAL ARDIMANSYAH,6658552,"2017,2018,2019,2020,2021,2022,","1,0,0,0,2,1,"
HERNIWATI,6005824,,
R IRAWAN SURASETJA,5995585,"2018,","2,"
RIDWAN PURNAMA,5994356,,
MUHAMAD IQBAL,5978331,"2016,","2,"
JOHAR PERMANA,5991886,"2020,","1,"
LILIS KOMARIYAH,6745825,"2021,","2,"
MELA DARMAYANTI,6120443,,
AGUS MUHARAM,5995848,"2016,2017,2018,2019,2020,2021,","1,0,0,0,0,2,"
RUDI ADI NUGROHO,6662754,"2018,","1,"
GHOITSA ROHMAH NURAZIZAH,5989817,"2016,2017,2018,2019,2020,","3,1,0,0,2,"
RINA NURHUDI RAMDHANI,6697084,"2021,","1,"
YATI RUHAYATI,6653699,"2016,2017,2018,2019,2020,2021,2022,","1,0,0,0,0,1,1,"
SUCI SUNDUSIAH,6679899,"2019,2020,2021,","1,0,1,"
SRI WURYASTUTI,6656926,"2019,","1,"
DEDAH NINGRUM,6130820,"2020,","1,"
BAMBANG WIDJAJANTA,5984870,"2018,2019,2020,","1,0,1,"
KATIAH,5979412,,
SURDINIATY UGELTA,5995254,"2017,2018,2019,2020,2021,2022,","1,0,0,0,2,1,"
AAN SUKANDAR,5983988,"2020,2021,","2,1,"
HARUN IMANSYAH,6186539,"2006,2007,2008,2009,2010,2011,2012,2013,2014,2015,2016,2017,2018,2019,2020,","1,1,1,0,0,0,0,0,0,0,0,0,0,1,1,"
ERNIE DIYAHKUSUMANING AYU IMPERIANI,5978093,"2013,2014,2015,2016,2017,2018,2019,2020,2021,","1,0,0,0,1,0,0,0,1,"
DADI MULYADI,6689987,,
MUHAMMAD TAUFIK DWI PUTRA,6745726,"2019,","1,"
HERBERT SIREGAR,5991008,"2016,2017,2018,2019,2020,","1,3,2,0,1,"
ANASTASIA WULANDARI,6655698,,
MEMEN KUSTIAWAN,259600,"2020,","1,"
SYIFA F. SYIHAB,6681556,"2015,2016,2017,2018,2019,","1,0,0,0,1,"
RAMADITA FETRIANGGI,6722253,,
ELIS MEDIAWATI,6009471,"2019,2020,","1,1,"
FRANSISCA SUDARGO,6671525,"2017,2018,2019,","3,4,1,"
NISRINA NURUL INSANI,6709512,,
ENDAH FITRIYANI,6681704,"2022,","1,"
DWI HERYANTO,5994735,,
HANA SUSANTI,6653579,"2016,2017,2018,2019,2020,","1,0,0,0,1,"
ETTY ROHAYATI,5994710,"2018,2019,2020,2021,","1,0,0,1,"
BAGJA WALUYA,5979043,"2018,","1,"
DADANG MOHAMAD,6746091,"2021,","1,"
AHMAD SUGIANTO,6748089,,
RINALDI SUPRIADI,6745756,,
IDING TARSIDI,5995210,,
HELLI IHSAN,6042148,,
RD. DELLA NURIDAH K.S.A.,6681781,"2014,2015,2016,2017,2018,2019,","1,1,0,0,0,1,"
MESIANNA SIMBOLON,6682055,"2021,","1,"
HUSEN WINDAYANA,6067533,,
GALURA MUHAMMAD SURANEGARA,6703764,"2014,2015,2016,2017,2018,","1,0,0,0,4,"
MAHMUD FASYA,5978112,,
ARIEF BUDIMAN,5992927,,
MOCHAMAD FATHUR RAHMAN,6759984,,
HENDRI WINATA,5994640,,
ERNA KRISNANTO,6126833,"2018,2019,2020,","1,0,1,"
JAJANG WARYA,5993287,,
ASEP SUDARSYAH,5985740,,
LES PINGON,6737713,,
LENI PERMANA,5993300,"2020,","1,"
TONO HARYONO,6745749,"2021,","1,"
UNANG PURWANA,6752175,,
CRISTINE SITINJAK,6758418,,
YULIAWAN KASMAHIDAYAT,6663654,,
MUNAWIR,6745899,"2018,2019,2020,2021,2022,","1,0,1,0,1,"
DETI NUDIATI,6711363,,
YENI YUNIAWATI,6146618,,
JOJOR RENTA MARANATHA,6667719,,
NURI NOVIANTI AFIDAH,6140963,"2018,2019,","1,1,"
ZACKIYAH,6683065,"2017,2018,2019,2020,","2,1,1,1,"
RISKHA MARDIANA,6000847,,
HENDRO MURTIANTO,6115607,,
EUIS FARIDA,6000811,,
ACEP SUPRIADI,6722770,,
AMIR,6003744,,
HELLI IHSAN,6698433,,
YENI YUNIARTI,5977425,,
R. DIAN DIA-AN MUNIROH,5978405,"2013,","1,"
RUMAISAH AZIZAH AL ADAWIYAH,6722046,,
WILLDAN APRIZAL ARIFIN,6745746,,
IRMA PERMATAWATI,5994921,,
AHMAD FAJAR FADLILLAH,6753812,"2021,","1,"
NALAHUDDIN SALEH,6746413,,
PEPEN PERMANA ,5977678,,
LENI YULIYANTI,5995730,,
MUTAUFIQ,5994138,"2016,2017,2018,2019,2020,","1,0,2,0,1,"
JONI RAHMAT PRAMUDIA,5994915,"2021,","1,"
HARRY SULASTIANTO,6682881,,
SUCIATI,5993193,"2016,2017,2018,2019,2020,2021,","2,0,0,1,0,1,"
WIKU LARUTAMA,6745846,"2016,2017,2018,2019,2020,2021,","1,0,0,0,0,1,"
JAJAT,6682116,"2017,2018,2019,2020,2021,","2,0,0,0,2,"
ASTI DEWI RAHAYU FITRIANINGSIH,6681726,,
NANDAN SUPRIATNA,6145508,,
EHAN,6000858,,
SILVIANA AGUSTAMI,6135191,,
ANEU CAKHYANEU,5994677,,
NANA GANDA,6141449,,
YAYAT,5994024,"2018,2019,2020,","1,0,1,"
NALA NANDANA UNDIANA,6707140,,
ANNISA RAHMADANI,6745774,"2020,","1,"
ALI MECCA,6653045,,
MUHAMMAD HANDI GUNAWAN,6007311,"2012,2013,2014,2015,2016,2017,2018,2019,2020,2021,","1,0,0,0,0,1,0,0,0,1,"
"IWAN GUNAWAN, S. PD, M. SN",6745742,,
BUDHI TRISTYANTO,6659492,,
CECE KUSTIAWAN,6674760,"2021,","1,"
LUKMANNUL HAQIM LUBAY,6188717,"2021,","1,"
RATNA FITRIA,6145184,,
NENENG SUTJIATI,6121745,,
ARIYANO,6124946,"2018,","1,"
SUFYAR MUDJIANTO,6198983,"2017,2018,2019,2020,2021,","1,0,0,0,1,"
YAYA SUNARYA,5995894,"1993,1994,1995,1996,1997,1998,1999,2000,2001,2002,2003,2004,2005,2006,2007,2008,2009,2010,2011,2012,2013,2014,2015,2016,2017,2018,2019,2020,2021,","1,0,0,0,0,0,0,0,0,0,0,0,0,0,0,0,0,0,0,0,0,0,0,0,0,1,0,0,1,"
NANANG DALIL HERMAN,6040771,,
RAMA WIJAYA ABDUL ROZAK,6655158,,
TRI LESTARI,6654245,"2018,2019,2020,2021,2022,","1,0,0,0,1,"
ARVIAN TRIANTORO,5993216,"2022,","1,"
ABIH GUMELAR,6715297,"2020,","1,"
WINWIN WIANA,5990891,"2018,","3,"
HODIDJAH,5994517,,
RD DIAN HERDIANA UTAMA,5993184,,
YUYU HENDAWATI,5995605,,
TEMMY WIDYASTUTI,6655167,,
RENI NURYANI,6130790,"2020,2021,2022,","1,0,1,"
SALMAN,6749997,,
ANUGRAH ADIWILAGA,6745914,"2017,","1,"
JAYANTI MEGASARI,6745831,,
JUPRI,6681759,"2018,","1,"
ENCEP SUDIRJO,6144884,,
R DETI ROSTIKA,6006176,,
DEDE TATANG SUNARYA,6745784,"2019,2020,","1,1,"
TOTOK DOYO PAMUNGKAS,6693471,,
GITA SISWHARA,5978179,,
HARRY TJAHJODININGRAT,6778322,,
TATANG SYARIPUDIN,5996282,,
DEWI YUSTIARINI,5999919,"2020,","1,"
BTARI MARISKA PURWAAMIJAYA,6681170,"2020,","1,"
AHMAD FAUZI,6122861,,
FAJAR NUGRAHA ASYAHIDDA,6682474,"2018,","1,"
WIDJOJOKO,6746146,,
SYAHNUR RAHMAN,6684075,"2014,","1,"
ANI HENDRIANI,5994782,,
WINTI ANANTHIA,5994974,,
TEGUH IBRAHIM,5994738,,
NENI SRI WULANDARI,5994678,,
AYI BUDI SANTOSA,5992658,,
BAMBANG ABDULJABAR,6690150,"2017,","1,"
FIRMANSYAH,5995005,,
R NADIA HANOUM,5996024,,
RENARIAH,5992168,,
AINI LOITA,5982430,,
ENDANG DEDY,5996300,"2019,2020,","1,1,"
ASEP SAEFUDIN,5977546,,
SULTHAN HADIST ISMAIEDH CUKARSO,6735954,"2019,","1,"
HAFIYYAN PUTRA PRATAMA,6681148,"2020,","1,"
AI NURHAYATI,5994450,,
DWI ALIA,6681261,"2021,","1,"
ISTI KUMALASARI,6745723,,
HIKMAH MAULANI,6736715,,
YOSEP HERNAWAN,6664961,,
ERNALIS,6123293,"2016,2017,2018,2019,2020,2021,","1,0,0,0,0,1,"
YANI KUSMARNI,6115838,,
FINITA DEWI,5993121,"2016,","1,"
RR DENI WIDJAYATRI,6694553,"2021,","1,"
KOKOM ST KOMARIAH,6135827,,
LUTHFI ANZANI,6721957,,
LULU LAELA AMALIA,5988724,"2012,2013,2014,2015,2016,2017,2018,2019,2020,","1,1,0,0,0,0,0,0,1,"
DYAH PURWANINGSIH,6714124,"2017,2018,2019,2020,2021,","1,1,1,0,1,"
UNDANG SUDANA,6005105,,
SILMI ATH THAHIRAH ,6745812,"2019,2020,2021,","1,0,1,"
MARIYA AL QIBTIYA ,6745731,"2021,","2,"
HERLINA,5995734,,
MARLINA,6003759,"2020,","1,"
TEDI PERMADI,5981800,,
PEPI NURONIAH,6697085,,
KOKOM SITI KOMARIAH,6145229,,
ILMA INDRIASRI PRATIWI,6682020,,
MINA HOLILAH,6146978,"2018,","1,"
SANDI BUDI IRIAWAN,6753110,,
ABDUL AZIS WAHAB,6722201,,
DEDY SURYADI,5993912,"2018,2019,2020,","1,0,1,"
LELI YULIFAR,5993694,"2020,","1,"
LIRA FESSIA DAMAIANTI,6683931,,
IMAN FUSHSHILAT,6148598,"2017,2018,2019,2020,","1,2,0,1,"
NIZZA NADYA RACHMANI,6746169,,
GERALDI NOVIAN,6760492,,
VINI AGUSTIANI HADIAN,6682379,,
NURDIANI FATHIRAINI,6722345,,
DANI HENDRA,6681826,,
KARSO,5995268,"2019,","1,"
HANISSA OKITASARI,6753821,,
AHMAD SATIBI,6746211,,
FRIDA AKMALIA,6761466,,
"ARI ARASY MAGISTRA, S.PD., M.PD.",6691525,,
MASOR,6123341,,
BADRIA MUNTASHOFI,6722099,,
LINDA AMALIA,6680418,,
WARDAYA,6038177,,
KURNIASIH,5996281,,
SLAMET ROHAEDI,6138953,,
MAFTUHIN,5993669,,
SYAM HARDWIS,6725405,"2017,","1,"
MOCHAMAD WHILKY RIZKYANFI,6683506,,
DUDUNG RAHMAT HIDAYAT,5995427,,
ASKOLANI,6686495,,
TITO EDY PRIANDONO,6146591,,
DEDI SUPIYADI,6076725,,
JOSEP LABRE HESTYONO,6131411,,
ROBANDI RONI MOH ARIFIN,6130541,,
RAKHMAT YUSUF,6003508,,
SUDARSONO M I,6126974,,
BADRU ZAMAN,6126038,,
RITA SHINTAWATI,6124163,,
SAHRONI,6738099,,
SRI HANDAYANI,6006334,,
DADANG SUKIRMAN,5995173,,
BAMBANG ERAWAN,6140909,,
O. SOLEHUDIN,5988101,,
ISMAWATI KOSASIH,6753136,,
ZAINI HAFIDH,6738035,,
MUHAMMAD NURUL HANA,6122369,,
AHMAD DAHIDI,5994991,,
MUPID,5993544,,
MELIA DEWI JUDIASRI,6104059,,
TRI MARTINI,6745737,,
ANGGI MAULANA RIZQI,6752447,,
MARISA NOVIYANTI FAJRAH ILSYA,6798192,,
AULIA ZIKRI RAHMAN,6745855,"2018,","1,"
ANGGIT MERLIANA,6745972,,
FENSY SELLA,6722526,"2022,","1,"
TATANG,6682229,,
ALIT RAHMAT,6200015,,
CARSIWAN,6186530,,
PERISTIWATI,6146081,,
FARIDA AMALIA,5994383,,
IIS SOPIAWATI,5995237,,
ANDIKA DUTHA BACHARI,5987130,,
TATANG TARYANA,6123281,,
RAHMAT AGUNG AZMI PUTRA,6756739,,
SUHENDRO,6740221,,
SUCIPTO,6065276,,
HAFIZHAH INSANI MIDYANTI,6745761,"2022,","1,"
RUSWANDI HERMAWAN,6002408,,
FAHRY AHMAD,6750781,,
MUCHAMAD RIZKI SENTANI,6745720,,
NURZAMAN,6121925,,
ALWAN HUSNI RAMDANI,6726953,,
"ACE IWAN SURYAWAN, S.PD, M.HUM",6681510,,
ARIEF JOHARI,6644690,"2018,","1,"
FAUZI RAHMANNULLAH,6081556,"2016,2017,2018,2019,2020,","1,0,0,0,2,"
HERI PUSPITO DIYAH SETIYORINI,5978343,"2016,2017,2018,","2,0,1,"
AJO SUTARJO,6140840,,
MAMAD KASMAD,5995837,,
MIRNA PURNAMA NINGSIH,6037667,,
SRI WULAN LINDASARI,6136922,,
HARRY SULASTIANTO,6010494,,
UUS KUSNADI,6133577,,
LA ODE ALAM MINSARIS,6760517,,
DELLI YULIANA RAHMAT,6681514,"2021,","1,"
WIDI KUSUMAH,6682996,,
NINDITA FAJRIA UTAMI,6682469,,
MOMOH HALIMAH,5995355,,
FAISAL SADAM MURRON,6722111,,
UUM SUMIRAT,6122777,"2018,2019,2020,2021,2022,","1,0,0,1,1,"
ADE YULIANTO,6735029,,
MASAYU RIZKA RISJANNA ,6745734,,
ALIT SARINO,5994065,,
ALI SUDIN,5993501,,
ASHANTI WIDYANA,6745826,,
IIM SITI KARIMAH,5992557,,
SARDIN,5994622,"2022,","1,"
DWI NOVI WULANSARI,6745877,"2018,2019,2020,2021,2022,","2,0,0,0,1,"
YANA ROHMANA,5993436,,
DINAR DINANGSIT,6681964,"2017,","2,"
GEMALA NURENDAH,6691542,,
DADANG SUDRAJAT,5995404,,
FAJRIA SALIHA PUSPITA PRAMESWARI,6745716,,
ELIH MULYANA,5996270,,
NURYANTO,5993128,"2016,","1,"
SANDI BUDHI IRIAWAN,5995502,,
RAHMAT SETIADI,6683286,,
"YOGA PERDANA, S.E,, M.S.M",6681836,,
DIAN BAYU FIRMANSYAH,5978442,,
ANA FARICHA,6124265,"2017,2018,2019,2020,2021,","1,0,0,1,1,"
FATIHATUROSYIDAH,6145523,,
NENI MEIYANI,5995990,,
GILANG GINANJAR HIDAYATULLAH,6747022,,
SISCKA ELVYANTI,6722063,"2018,2019,2020,","1,0,1,"
"DR. NANDI WARNANDI, M.PD",6126191,,
KHAERUDIN KURNIAWAN,5993472,,
AGUS SUDONO,6134240,"2016,","3,"
EVIANA HIKAMUDIN,6786908,"2022,","2,"
RD SAFRINA,6126929,,
RIDHA MUSTAQIM,6024490,,
GUMILAR PRATAMA,5996006,,
DIAN YULIANA,5986682,"2017,2018,2019,","1,1,1,"
SRI MARHANAH,5993537,,
ASEP SYARIF HIDAYAT,6682806,"2016,","1,"
OKTOVIANA NUR AJID,6745718,,
RAMA NIDA SIREGAR,6745407,,
ALI KUSRIJADI,6071327,,
TETEN HIDAYAT,6730939,,
YAYU WULANDARI,6726448,"2019,2020,2021,2022,","1,0,0,1,"
SITI NURLATIFAH,6723958,,
ADAM HERMAWAN,6681172,,
TJUTJU SOENDARI,6127679,,
AHMAD FUADIN,5992944,,
RIANA IRAWATI,5996826,,
HURRY MEGA INSANI,6745740,,
ACEP RUSWAN,6726993,,
WAHID MUNAWAR,5978660,,
ARIESSA RACMADHANY,6127790,,
YAYAN SUNARYA,5975363,,
DANTE DARMAWANGSA,5972984,,
RADEN DIAN HARDIANA,6735511,,
NUNUNG NURSYAMSIAH,6681975,"2016,2017,2018,","1,0,1,"
WINA MUSTIKAATI,6745735,,
ANI PINAYANI,5993275,,
WIDYA ASTUTI,6745724,,
ENGKOS KOSASIH,6684195,,
NICKE YUNITA MOECHARAM,6649096,"2014,2015,2016,2017,2018,2019,2020,2021,","1,2,0,1,0,0,0,1,"
DEDI PURWANTO,6147764,,
DIDING KELANA SETIADI,6133505,"2021,","1,"
AGUS FIRMANSAH,6127340,,
YUDHISTIRA KUSUMA,6745845,"2022,","1,"
INDAH FITRIANI,6682524,,
MIMIN NURJHANI K,6126071,,
GIA NIKAWANTI,6653966,,
JUHANAINI,6124940,"2016,2017,2018,2019,2020,2021,","1,1,0,0,0,1,"
ANDINI SETYA ARIANTI,6751563,,
GEBI DWIYANTI,6683479,"2014,2015,2016,2017,2018,2019,2020,2021,","1,0,0,1,1,0,0,1,"
MILA KARMILA,6000331,"2016,","1,"
PIPIN TRESNA PRIHATIN,6000304,,
DIAH ZALEHA WYANDINI,6124256,,
ENDANG HERAWAN,5995295,,
HIKMAT,6006599,"2016,2017,2018,2019,","1,0,0,1,"
MIRNA NUR ALIA ABDULLAH,5993465,"2016,","1,"
ELYSA NENSY IRAWAN,6779016,"2021,","1,"
RINI ANDARI,6000526,"2016,2017,2018,","2,0,1,"
DEWI MUNAWWARAH SYA BANI,6682556,,
MUHAMMAD ARIEZ MUSTHOFA,5997910,,
ENDAH SILAWATI,6004067,,
I GUSTI KOMANG ARYAPRASTYA AGU,5995119,,
YANTI HAMDIYATI,6007061,"2016,2017,2018,","1,1,2,"
AGUS WIDARSONO,5993330,"2020,","1,"
OMAN SUKIRMAN,5992874,"2016,","1,"
AAS SAOMAH,6681604,"2020,","2,"
WELSI DAMAYANTI,5992858,,
RAMDHANI,6754921,"2020,","1,"
NURUL HIDAYAH,6682318,,
YATUN ROMDONAH AWALIAH,5994714,,
MUHAMAD TAFAQUR,6732205,,
CUCU RUHIDAWATI,6147692,,
AKHMAD FAOZI,6689846,,
OOM SITTI HOMDIJAH,6019625,,
FAJAR GUMELAR MAULANA,6714895,,
MURDIYAH WINARTI,5992631,,
ASTUTI,6000351,,
AYU PRAMESWARI KUSUMA ASTUTI,6774052,,
NIDAUL HIDAYAH,5994309,,
OOM ROHMAH,6000571,,
RIANITA PUSPITASARI,6735399,,
AAN KHOSIHAN,6750818,,
CICIH SUTARSIH,6722015,,
ACHMAD FAQIHUDDIN,6763857,,
HENDRI SULISTYO,6653912,,
KUKUH WIDIYANTO,6126950,,
ASRA,5995737,"2013,2014,2015,2016,2017,2018,2019,2020,2021,2022,","1,1,0,0,0,0,0,0,0,1,"
MALLY MAELIAH,5995785,,
DIDIN SYAHRUDDIN,6006709,,
YAN NURCAHYA,6756450,,
RAHMAWATI,6754632,,
PEBI YUDA PRATAMA,6745867,,
RACHMI NURSIFA YAHYA,6745655,,
MAMAN ABDURAHMAN SAEPULRAHMAN,5999937,,
GILANG GARNADI SURYADI,6746164,,
ICH PRILISKHA YUNISTY,6738203,,
ROSITA,5997470,,
DODDY RUSMONO,5995573,,
VIA LUVIANA DEWANTY,6722191,,
NIDA SHOFIYAH,6678677,,
MUDJIHARTONO,6199535,,
ENDANG SUPARDI,5994061,"2022,","1,"
ASEP KURNIAWAN,5993334,"2016,","1,"
DEWI PANCAWATI NOVALITA,6147140,"2016,","1,"
FEBRIANA PRATIWI,6172529,,
TASWADI,5995281,,
ALIS TRIENA PERMANASARI,6095354,,
JUJU JUANGSIH,5992349,,
SASKIA KANISAA P,6745852,"2022,","1,"
RIJAL KHAERANI,6722119,,
DADANG HIDAYAT MARTAWIJAYA,6684579,,
KARPIN,5994951,,
INU HARDI KUSUMAH,6721720,,
DODY MOHAMAD KHOLID,6798306,,
SUDARYAT NURDIN AKHMAD,5994926,,
PUTRI NOVITASARI,6745725,,
ALDIAN HUDAYA,6756536,,
AGNESTASIA RAMADHANI PUTRI,6745743,,
DADANG SULAEMAN,5995188,,
ODIH SUPRATMAN,5995373,,
DIANNI RISDA,6721871,"2022,","1,"
YADI MULYADI,5992663,,
NUNY SULISTIANY IDRIS,6682825,,
SITI NURASIYAH,6003859,,
SHOFA MUSTHOFA KHALID,6746412,,
YADI SUNARYADI,5994379,,
YAKUB MALIK,6148712,,
KUNTHI HERMA DWIDAYATI,6745863,,
ENDA PERMANA,6721296,,
SITI HAMIDAH,6709938,,
RIKA ARLIZA,6690239,,
ALI NUGRAHA,6140594,,
HAFDARANI,6144965,,
"DRS. AAN KUSDIANA, M.PD.",6067562,,
DHARMA KESUMA,5994667,,
UUS KARWATI,5993491,,
ALI ANHAR SYI'BUL HUDA,6748581,,
DENNY ANDRIANA,5996554,,
UNUN UMARAN,6681884,"2017,","2,"
MIMIN WIDANINGSIH,6140348,,
UEP TATANG SONTANI,5994535,,
WARLI HARYANA,6657188,,
SYIFA FAJAR MAULANI,6787008,,
ELIN ROSALIN,6664208,,
RUBBY RAHMAN TSANI,6750739,,
"YULIANDANI MUSTAFA, S.SN., M.PD.",6745967,,
AYUNINGTYAS INDRAWATI,6088684,,
PUTRI LILIS DYANI,6039797,,
WINA SANJAYA,5987718,,
S. NAILUL MUNA ALJAMALIAH,6754120,,
TOTO FATHONI,5995741,,
HENRI NUSANTARA,6125366,,
SRI RAHAYU,6745927,,
FARHAN ZAKARIYYA,6722858,,
SIFA RINI HANDAYANI,6681423,,
RIFQI ABDUL BASIT,6747044,,
YULIA PUSPITA,5995496,,
YAYU WULANDARI,6732193,,
SUSANTI AGUSTINA,5994966,,
KINANTI GEMINASTITI HILMIATUSSADIAH,6698859,,
SUMIYATI,5984822,"2018,","1,"
MUCHAMAD HARTANTO,6745775,,
AANG SUPRIATNA,6681546,,
JENNYTA CATURIASARI,6706344,,
DARMAWAN,6724077,,
MAD RUDI,6746212,,
HILMAN TAUFIQ ABDILLAH,6147665,,
MUTHIA ALINAWATI,5995433,,
MUHAMMAD HALIMI,6038409,,
RATU DINTHA INSYANI ZUKHRUF FIRDAUSI SULAKSANA,6752924,"2020,","1,"
YAYA SUKAYA,5995235,,
TINA SAFARIANILAWATI,6737630,,
QISTIKE HANDAY PUGAR,6754567,,
FITRINA KURNIATI,6753806,,
LILIS SITI SULISTYANINGSIH,5994321,,
NINA SUNDARI,6000752,,
HANA HANIFAH,6748543,,
NINA SUNDARI,6006736,,
MOCHAMAD YAMIN SAPUTRA,6140744,"2017,","2,"
POPON HARYETI,6660026,,
NANANG SUPRIATNA,6738985,,
A TOTO SURYANA AFRIATIN,6751579,,
ITA JUWITANINGRUM,6746336,,
IKBAL GENTAR ALAM,6166508,,
RAHMAH MURTADHA,6700205,,
NONO HARSONO SUNARIA,6006178,,
ENGKUR KURDITA,6125039,,
R KUSDIANTI,6041647,,
BEBEN BARNAS,6046740,,
HADI SARTONO,6000153,"2017,","1,"
AYAT SURYATNA,5995309,,
SUDEWI,5995040,,
SUSI WIDIANTI,5994027,,
DUDUNG GUMILAR,5994435,,
DEDENG ROSIDIN,6123374,,
SETYANINGSIH RACHMANIA,5996856,,
DUDUNG PRIATNA,6006765,,
ROZMITA DEWI YUNIARTI ROZALI,6147161,,
D NUNU HERYANTO,5994739,,
HERWAN DERMAWAN,6003810,,
NUNUNG SITARESMI,5993254,,
ZAINAL ARIFIN,6001480,,
ADE JUWAEDAH,6006422,,
RD DIAH SRIHARTATI R,6707004,,
MEMEN DURACHMAN ,5994265,,
SUWIRTA,5977199,,
"ANDI SURYADI, S.PD.,M.SN.",6722180,,
AHMAD PURNAMA HUDAYA,6692126,,
DESIANI NATALINA MULIASARI,6097063,,
ENDANG DANIAL AR,5991806,,
AJANG MULYADI,6745802,,
SURURI,6664219,,
DADANG MACHMUDIN,6778774,,
ODING HERDIANA,6745912,,
RESTI INDRIARTI,6762460,,
RESTIE ANANDA MIRANTIE,6693779,,
ICHWAN NUL ICHSAN,6721201,,
WORO PRIATINI,6148424,,
ALNIDI SAFARACH BRATANEGARA,6745780,,
PUSPITA WULANDARI,6778395,,
MIRA NURFITRIYA,6746175,,
LUCKY ANGKAWIDJAJA RORING,6006490,,
IING YULIANTI,5992636,,
CUCU SUTIANAH,6794490,,
SITTI CHOTIDJAH,6722210,,
ASEP SURYATNA,6683491,"2017,2018,2019,2020,2021,2022,","1,2,0,0,0,1,"
MELIA HANDAYANI,6787010,,
SUHAEDAH,6000245,,
NENDEN LILIS AISYAH,5994508,,
ENDAH SETYOWATI,6681149,,
ELLY LASMANAWATI W,5994675,,
RISTY JUSTICIA,6681885,,
AHMAD FAHRUL MUCHTAR AFFANDI,6682543,,
SUHANDY SISWOYO,6000767,,
APEP KAMALUDIN,259507,,
SITI PARHAH,5993429,,
SURYADI,5994871,,
KHOLID ABDULLAH HARRAS,5993658,,
MIA NURMALA,6746457,,
ZAENAL ALIMIN,5995795,,
YANA NURSITA,6676588,,
SUKADI,5999978,,
SUSI SRI ANNISA,6694530,,
SOEPRAPTO RAKHMAT,6006953,,
SYAIFULLAH,6035861,,
TITING ROHAYATI,6006822,,
SUDIRMAN,6126824,,
IJANG ROHMAN,6683227,"2012,2013,2014,2015,2016,2017,2018,","2,0,0,0,0,0,3,"
WAWAN HERMAWAN,6683394,,
HENY MULYANI,6146483,,
SIMA MULYADI,6682859,,
YOYOH SITI MARIAH,6682409,,
MUHAMMAD JAGAT DERMAWAN,6749544,,
SALMAN,6682554,,
HOKCU SUHANDA,6683216,,
RIZA PUTRI RAMADHANTY,6694541,,
FUTRI USWATUN KHASANAH,6694543,,
DITA BERLIANA SIREGAR,6694539,,
SALSABILA KHOERUNNISA ,6694537,,
TASYA LOVITA SITEPU,6694533,,
OLGA SOCHA MARIA ANDARESTA,6694535,,
FARAH ALMIRA NU'MA,6694534,,
WILDAN FAIRUZ IKHWAN SHODRI,6694532,,
WINDA ARWANTI,6694531,,
SETYO WAHJU WIBOWO,6682158,,
WULAN NUR'AZIZAH,6681897,,
ELLINA RIENOVITA,6681702,"2017,","1,"
NANI HARTINI,6125291,,
SUWARDI KUSMAWARDI,6124988,,
NANANG SUTRISNO,6124772,,
ENANG SUMA ARIFYANTO,6122141,,
ADE SUTISNA,6103693,,
TOTO SUBROTO,6067858,,
DEDI SUPRIAWAN,6041463,"2018,","2,"
DWINA ALAPHIA SEVANY MEYREZA ELENA,6694536,,
SUROSO ADI YUDIANTO,6038437,,
AN AN ANDARI,6006762,,
ENING WIDANINGSIH,6006733,,
ENDING KHOERUDIN,6004872,,
KOMARIAH,6005585,,
SUDJIANTO,6005817,,
AYU PRAMESWARI KUSUMA ASTUTI,6681724,,
SHEILLA FRISTELLA,6694529,,
SITI ASFIYAYI LILI N,6000143,,
DEWI TRIANI,6693992,,
POPY MAYASARI AFENDY,6694527,,
KUKUH PRAKOSO,6689126,,
MUHAMMAD FIKRI,6688599,,
IVAN SEPTIAN HIDAYAT,6688385,,
ARIEZ MUSTHOFA,6684172,,
MUJONO,6000296,,
AHMAD FAUZI RIZAL,6674424,,
MUHAMMAD ZAKI KHOLIL,6669652,,
AMMI SYULASMI,6655570,,
DEDY KURNIADI,6666655,,
SURANI,6655294,,
AIDA FITRIA,6694098,,
DHIYA ANNISA INDRAYANA,6694528,,
E DEDI DJUBAEDI ROSALA,6043383,,
BURHANUDDIN TR,6604841,,
AS AS SETIAWATI,6147785,,
ISMAIL YUSUF,6146933,,
EDI ROHENDI,5999941,,
FARIDA SARIMAYA,5997860,,
DIDI SUPRIADIE,5996002,,
HERY SANTOSA,5995985,,
TITY SOEGIARTY,5995934,,
MUBAROK SOMANTRI,6667697,,
D WAHYUDIN,5995818,,
BURHANUDDIN T R,5995805,,
SARNA SURYANA,5995715,,
ZUJADI ANSOR,5995429,,
SETIAWATI,5995343,,
SUGIHARTONO,5995250,,
R TATI KUSTIAWATI,5995232,,
ODO FADLOELI,5995025,,
ROCHANY NATAWIDJANA,5999975,,
SRIE MULYANI,5994888,,
MUHAMMAD JAGAT DERMAWAN,6749535,,
SUMARDIYANTO,5995197,,
ENDANG HIDAYAT,5995810,,
FAUJIAN ESA GUMELAR,6745753,,
WIRMANTO SUTEDDY,6745736,,
MIA AUDINA MUSYADAD,6744738,,
LUTFI TAUFIK ABDULLOH,6739925,,
IMAM NUGRAHA ALBANIA,6711447,"2012,2013,2014,2015,2016,2017,","1,0,0,0,0,1,"
ASTI SITI AMINAH,6726325,,
"DR. YAHYA SUDARYA, M.PD",5995179,,
"TIKA ANNISA LESTARI KOESWANDI S.S., M.M",6144236,,
BASIRAN,6146033,,
FITHRI MEILIAWATI,6145691,,
HIDAYAT,6143552,,
SUHERMAN,6141851,,
HERMAWAN,6135770,,
GANANG DWI ASMORO,6745807,,
ANA RAHMA YUNIARTI,6745957,"2017,2018,","1,2,"
SULTONO,6128249,,
ADI ARDIANSYAH,6128192,,
WAHYU,5993575,,
MOCH.ERYK KAMSORI,5993589,,
DENNY ISKANDAR,5993449,,
WAHYU ERIDIANA,5992779,,
MAKHMUD SYAFEI,5992359,,
TRI WIDODO,5986311,,
SOFYAN ISKANDAR,5991107,,
AGUS SALAM RAHMAT,5994837,,
ADE CAHYANA,5994790,,
ASEP SETIADI,6127256,"2018,","1,"
CHARLOTTE AMBAT HARUN,5994564,,
GANJAR MUHAMMAD GANESWARA,5993578,,
YASBIATI,5994458,,
ENCEP KUSUMAH,5993535,,
AFINA LATHIFAH FAUZIYAH,6787950,,
DIAN HARDIJANA,5994116,,
AFIFAH MU'MINAH,6779860,,
"R. MOCH. RIZAL HAFIYAN, S.PD., M.DS.",6779918,,
FAQIH SAMLAWI,5994693,,
NANA JUMHANA,5994657,,
AEP SAEFUL BACHRI,5994539,,
M. AZHARI PANJAITAN,6770980,,
EKRI PRANATA FERDINAND BAIFETO,6754853,,
FERAGI AZIZUN PUTRA,6755204,,
SUPRATMAN AGUS,5977480,"2016,2017,2018,","1,1,1,"
NOVI RESMINI,5993779,,
RIKA WIDAWATI,5992912,,
SRI WAHYUNI,6778397,,
ASEP RIDWAN LUBIS,6776953,,
PAJAR MACHMUD,6749919,,
FERIDARNALIS,6752115,,
MIRA INRIYULIA EKARINI,6749334,,
NUKI NURHANI,6754013,,
ALFIAN AZHAR YAMIN,6779734,,
RINA HERYANI,6798424,,
DIAN ADDINNA,6749268,,
HANA ROHANA,6655307,,
PANI SUSWARI ,6750088,,
AHMAD FAHRUL MUCHTAR AFFANDI,6682491,,
ASEP AHMAD RURI IRWANTO,6125297,,
RENARDI ERWINSYAH PUTRA,6645323,,
GHIA GHAIDA KANITA,6084910,,
WAGINO HAMID HAMDANI,5994674,,
SUDJANI,5995604,,
MAMUR SAADIE,5993993,,
IRENA NOVARLIA,6784293,,
WILDAN NURHIDAYAT,6745733,,
APRILIA SANNY,6734053,,
ERRY SUKRIAH,6721572,,
MOHAMMAD ARIFIN,6185252,"2000,","1,"
DADANG AHDIAT,6126365,,
ZULKILFI SIDIQ,6038302,,
ANI ANISYAH,6786982,,
KANIGARA HAWARI,6709267,,
NIA SUTISNA,6038178,,
RISYA LADIVA BRIDHA,6768380,,
SUSANTI KURNIAWATI,6122723,,
ANDRI PAHRULROJI,6779729,,
RISBON SIANTURI,6746024,,
DELLA MAGHFIRA NAPU,6745730,,
ROSIANA MUFLIVA,6134306,,
RESPATY MULYANTO,6724824,,
TATI,6003345,,
SUKA PRAYANTA PANDIA,6745613,,
SURAMTO,6702223,,
WITRI ADIYANI,6697870,,
DINI ANGGRAENI,6694548,,
RUTH CLAUDYA,6694547,,
MUHAMMAD HANIF,6720251,,
DEWI CITRA ROHANI,6737135,,
SHEILA ROTSATI JASMINE,6694916,,
KHAIRUNNISA,6697507,,
NADIRA LAYLA MUTIARA BELA,6694545,,
SALMA FATIMATHU ZAHRA S,6694544,,
"MEITA ANNISA NURHUTAMI, S.S., MAB",6779834,,
ANIRA,6745717,,
DALLY NUR ARIF,6745748,,
GHIA TRI JAYANTI,6779731,,
PITRIA SOPIANINGSIH,6745713,,
MUHAMMAD RAIHAN IJLAL HANAN,6757367,,
FARHAN REZA PAZ,6745759,,
YUDI AHMAD HAMBALI,6745712,,
ALIN AMBARWATI,6745498,,
PALDA PUSPITA DIANTI,6745122,,
RITA TILA,6745765,,
SANUSI,6737577,,
MUHAMMAD RAFI SHALAHUDIN,6740431,,
MUHAMAD NIZAN SOLEHUDIN,6756968,,
 LUCKY HERLIAWAN YANUARSYAH AMALPUTRA,6796265,,
IYOS SUTRESNA,6798553,,
ABRAHAM MORA,6778862,,
DENI KADARSAH,6798645,,
VIDIA AFINA NURAINI,6792209,"2022,","1,"
SELMA AYU WIJAYANTI,6787726,,
SELY WIDIYAWAN NINGSIH,6748597,,
NUR MUTHMAINAH,6787024,,
GILANG PERMANA,6748594,,
ANANDA DWI RIOWNI FIRDAUS,6748495,,
ROSYIDAH RAHMAH,6742934,,
DIAS PRATAMI PUTRI,6745906,,
DINAR PERMADI YUSUP,6748065,,
AFDHAL ZIKRI ZZ,6745824,,
ARYANTI,6798533,,
WINA TRY SAPTARI,6789203,,
TITA NURMALINASARI HIDAYAT,6756333,,
HENDRA KOMARA,6756332,,
RIFKI AHMAD FAUZI,6752988,,
NANDU SAPRUDIN,6756014,,
UTARI WIJAYANTI,6756028,,
FEMMY HARDYANTI SAFARAH,6748113,,
LADY JANUASTI MERDIAN,6754787,,
KARDJONO,6745760,,
MUHAMMAD NUR,6754368,,
KHILDA MUFIDA RAMADHAN,6754309,,
MA'RUF,6745872,,
NUSUKI SYARI'ATI FATHIMAH,6751506,,
MELI ALETANIA,6750105,,
SHELLY APRILYA DAMAYANTI,6749304,,
FARKHANI AZHARI ,6749714,,
YADI RUKMAYADI,6755804,,
FELIA ARDIANI,6752471,,
DINDA ISTIQOMAH,6748600,,
IIN NUR'AENI,6748784,,
MARIAM INTAN SARI,6749226,,
EKA RAHMAT FAUZY,6778461,,
PUTRI GANESHA,6748599,,
ANWAR AZIZ HABIBI,6777463,,
SIDIK PERMANA,6769947,,
FINA NURUL HASANAH,6776232,,
UCU SUMARDI SASTRAMIHARAJA,6759215,,
WIDIA APRIYANTI DWI RAHAYU,6733417,,
NOVI PURNAMA KOSWARA,6763694,,
IVAN RIVAN FIRDAUS,6763785,,
RISKA DEWI ANGGRAINI,6731788,,
FARUQ ASSEGAF,6729765,,
TANTRI DWI LESTARI,6724040,,
INKI ALVINDA,6721321,,
YOS SYAFENDRO,6716294,,
DEVIRA QIBTIYAH,6714652,,
SITI NURJANNAH,6713167,,
AMELIA SHOLIHAH,6712852,,
WINAURA KIREYNA JANNAHANGGITA,6723223,,
FAZA RIZQI KARIMI,6705495,,
LINA AVIYANTI,6735786,"2017,","1,"
PUTRI SEPTIANI INDAH S,6720671,,
IIS KHOLISAH,6733274,,
SETYA AHMADI,6702227,,
THAHIRA QANITA,6694829,,
BEN NOVARRO BATUBARA,6710018,,
MUHAMMAD ARIEF RAKHMAN,6710571,,
CARLA MONICA ISKANDAR,6708145,,
DANI TAUFIQURROHMAN,6694550,,
